date,first,second,third,fourth,fifth,sixth,seventh
2007-05-30,22,24,29,31,35,4,11
2007-06-02,15,22,31,34,35,5,12
2007-06-04,3,4,18,23,32,1,6
2007-06-06,6,10,16,17,25,2,4
2007-06-09,1,9,19,20,30,2,11
2007-06-11,1,16,20,23,28,3,6
2007-06-13,14,16,25,26,35,4,9
2007-06-16,2,8,11,21,23,4,7
2007-06-18,1,3,9,19,34,9,12
2007-06-20,6,8,18,29,34,9,11
2007-06-23,29,32,33,34,35,9,10
2007-06-25,3,12,15,29,34,7,11
2007-06-27,12,17,27,29,34,6,9
2007-06-30,1,2,7,29,32,6,7
2007-07-02,2,8,12,13,17,11,12
2007-07-04,1,14,19,24,31,3,12
2007-07-07,13,14,29,32,34,3,12
2007-07-09,3,4,16,23,28,6,9
2007-07-11,3,6,17,22,23,4,6
2007-07-14,2,6,11,12,18,5,12
2007-07-16,2,4,24,29,33,1,2
2007-07-18,8,10,12,23,25,3,10
2007-07-21,8,10,23,32,34,8,10
2007-07-23,6,16,20,25,31,4,9
2007-07-25,22,24,26,27,34,2,10
2007-07-28,5,9,13,33,35,1,8
2007-07-30,2,3,10,19,27,6,10
2007-08-01,20,26,30,34,35,3,10
2007-08-04,15,22,25,29,35,9,11
2007-08-06,11,14,27,33,35,2,7
2007-08-08,3,21,27,31,32,6,8
2007-08-11,1,13,21,23,32,4,11
2007-08-13,1,5,8,14,22,3,12
2007-08-15,6,8,11,13,22,2,11
2007-08-18,7,11,16,31,32,1,12
2007-08-20,15,18,21,27,34,1,2
2007-08-22,1,6,7,17,31,11,12
2007-08-25,6,21,25,27,32,8,9
2007-08-27,10,11,20,21,35,7,11
2007-08-29,5,21,25,28,35,1,4
2007-09-01,3,16,17,22,35,1,8
2007-09-03,7,10,22,31,35,5,6
2007-09-05,4,9,22,24,31,2,6
2007-09-08,4,5,7,12,26,1,10
2007-09-10,9,16,20,26,35,11,12
2007-09-12,4,16,18,23,30,1,10
2007-09-17,1,6,15,19,35,2,9
2007-09-17,8,25,26,29,35,6,8
2007-09-19,9,10,15,17,32,4,6
2007-09-22,13,21,22,30,35,1,11
2007-09-24,3,7,24,28,35,8,11
2007-09-26,1,14,29,32,33,5,10
2007-09-29,11,16,19,21,25,1,10
2007-10-01,4,10,19,29,34,3,6
2007-10-03,10,16,24,31,33,7,10
2007-10-06,4,11,17,20,21,5,9
2007-10-08,14,16,30,32,35,6,7
2007-10-10,8,21,25,28,33,2,6
2007-10-13,4,15,23,31,33,3,9
2007-10-15,12,13,29,30,31,4,7
2007-10-17,2,10,19,28,29,2,9
2007-10-20,1,4,10,14,29,11,12
2007-10-22,10,31,33,34,35,7,12
2007-10-24,2,16,32,33,35,5,10
2007-10-27,19,20,24,29,31,9,10
2007-10-29,4,7,8,19,24,7,12
2007-10-31,11,18,25,30,31,4,9
2007-11-03,4,9,13,14,33,6,10
2007-11-05,2,13,16,21,35,1,5
2007-11-07,7,26,29,30,35,3,4
2007-11-10,10,22,32,33,35,1,7
2007-11-12,21,24,26,27,33,1,5
2007-11-14,4,5,9,12,23,2,11
2007-11-17,16,17,23,24,31,5,10
2007-11-19,5,11,20,30,32,7,11
2007-11-21,2,9,12,15,31,9,10
2007-11-24,4,6,12,13,24,1,4
2007-11-26,9,12,14,22,23,1,2
2007-11-28,6,9,25,26,31,2,8
2007-12-01,1,15,20,25,27,5,10
2007-12-03,6,18,20,22,35,4,9
2007-12-05,3,5,14,33,34,7,8
2007-12-08,1,5,20,21,24,3,4
2007-12-10,5,11,18,29,34,10,11
2007-12-12,17,24,28,29,33,2,5
2007-12-15,14,18,19,26,28,3,9
2007-12-17,8,18,30,31,33,4,9
2007-12-19,17,18,21,23,33,6,10
2007-12-22,8,13,24,30,34,1,12
2007-12-24,4,20,24,31,33,9,12
2007-12-26,7,12,26,31,32,3,8
2007-12-29,6,19,27,28,29,6,10
2007-12-31,6,8,16,25,27,8,12
2008-01-02,1,2,11,34,35,3,10
2008-01-05,1,12,24,31,32,10,12
2008-01-07,1,11,13,32,35,2,7
2008-01-09,9,22,24,31,33,8,9
2008-01-12,18,25,29,31,34,9,10
2008-01-14,10,12,26,29,34,5,7
2008-01-16,3,4,5,12,28,3,12
2008-01-19,2,6,8,17,32,8,9
2008-01-21,4,8,12,24,30,5,8
2008-01-23,6,23,24,27,29,6,8
2008-01-26,14,20,22,24,27,7,10
2008-01-28,2,10,29,32,35,2,3
2008-01-30,1,11,19,22,35,5,9
2008-02-02,4,7,10,28,34,1,6
2008-02-04,9,18,20,27,33,6,9
2008-02-13,8,10,11,17,19,6,9
2008-02-16,2,14,25,29,32,1,6
2008-02-18,3,6,7,11,30,2,3
2008-02-20,8,24,25,29,31,4,5
2008-02-23,4,5,15,17,33,4,8
2008-02-25,5,10,13,21,24,4,9
2008-02-27,9,12,13,25,31,8,10
2008-03-01,6,26,31,32,34,7,10
2008-03-03,8,12,17,20,30,1,2
2008-03-05,6,10,12,15,28,4,12
2008-03-08,1,21,22,24,25,8,10
2008-03-10,5,17,23,31,32,4,8
2008-03-12,3,11,17,19,26,7,12
2008-03-15,6,11,18,29,30,4,11
2008-03-17,3,21,23,26,35,5,8
2008-03-19,14,20,23,27,28,2,4
2008-03-22,3,9,19,27,33,9,10
2008-03-24,3,10,21,23,30,1,9
2008-03-26,6,7,18,34,35,5,10
2008-03-29,2,12,13,29,30,5,7
2008-03-31,9,19,22,30,32,1,10
2008-04-02,11,20,24,31,35,4,10
2008-04-05,12,13,19,32,33,2,10
2008-04-07,7,11,15,27,35,4,7
2008-04-09,4,8,19,22,29,8,11
2008-04-12,7,17,21,22,28,5,10
2008-04-14,5,10,13,32,35,4,5
2008-04-16,5,8,10,31,33,2,4
2008-04-19,2,21,23,27,32,10,11
2008-04-21,14,32,33,34,35,2,4
2008-04-23,11,25,26,27,35,7,8
2008-04-26,12,18,22,23,30,6,12
2008-04-28,1,13,22,25,27,2,10
2008-04-30,1,11,14,28,30,3,10
2008-05-03,1,5,11,26,27,3,7
2008-05-05,1,7,9,11,33,3,11
2008-05-07,3,18,19,30,35,5,9
2008-05-10,1,13,21,23,32,3,6
2008-05-12,5,14,23,31,35,2,6
2008-05-14,2,14,28,30,35,4,12
2008-05-17,15,19,25,30,31,3,9
2008-05-19,5,8,9,17,33,5,6
2008-05-21,3,9,11,29,33,3,12
2008-05-24,7,13,21,25,31,8,10
2008-05-26,3,13,17,23,30,1,11
2008-05-28,7,10,14,19,32,3,6
2008-05-31,1,15,27,28,29,3,10
2008-06-02,7,11,24,30,35,6,8
2008-06-04,14,18,24,27,31,6,7
2008-06-07,19,22,23,25,32,6,12
2008-06-09,2,7,21,22,25,4,12
2008-06-11,3,10,14,15,22,4,7
2008-06-14,6,9,11,33,34,6,10
2008-06-16,5,13,16,29,33,6,8
2008-06-18,9,17,18,21,31,1,5
2008-06-21,1,5,11,14,25,1,9
2008-06-23,10,25,32,33,34,3,9
2008-06-25,2,5,6,7,31,8,10
2008-06-28,10,13,22,31,35,4,12
2008-06-30,1,10,13,30,33,6,7
2008-07-02,3,5,10,27,34,1,12
2008-07-05,1,8,21,33,34,5,7
2008-07-07,8,17,20,28,31,7,11
2008-07-09,20,23,26,32,33,5,12
2008-07-12,6,9,29,31,33,5,11
2008-07-14,7,8,20,22,29,4,7
2008-07-16,15,19,29,33,35,1,2
2008-07-19,6,14,15,30,31,3,10
2008-07-21,2,17,20,22,25,5,11
2008-07-23,3,7,13,15,19,2,10
2008-07-26,1,6,10,22,35,3,7
2008-07-28,14,22,32,33,35,1,5
2008-07-30,7,11,19,27,31,2,3
2008-08-02,8,13,24,32,33,3,9
2008-08-04,4,11,18,33,34,2,6
2008-08-06,9,13,19,22,25,4,10
2008-08-09,3,23,26,32,34,4,9
2008-08-11,6,7,10,24,30,5,8
2008-08-13,7,12,19,27,34,11,12
2008-08-16,3,4,11,21,25,1,7
2008-08-18,6,7,12,25,28,2,12
2008-08-20,1,10,31,33,35,3,10
2008-08-23,7,10,22,27,33,4,8
2008-08-25,3,18,23,25,30,6,10
2008-08-27,12,20,26,29,30,2,6
2008-08-30,10,13,23,31,33,4,11
2008-09-01,5,25,26,29,35,3,10
2008-09-03,2,11,22,30,34,4,9
2008-09-06,7,8,10,24,34,8,11
2008-09-08,12,21,22,26,35,4,5
2008-09-10,3,5,21,28,33,2,6
2008-09-13,1,2,13,15,16,4,9
2008-09-15,11,16,24,29,32,9,11
2008-09-17,1,10,18,28,34,5,8
2008-09-20,5,16,25,27,33,4,9
2008-09-22,2,11,12,14,19,5,9
2008-09-24,4,18,26,32,33,5,8
2008-09-27,11,14,17,19,22,1,8
2008-09-29,2,3,22,27,31,6,7
2008-10-01,7,9,19,21,33,7,10
2008-10-04,6,8,15,24,31,1,3
2008-10-06,13,23,24,25,30,2,8
2008-10-08,6,9,19,25,30,6,12
2008-10-11,1,2,10,19,27,1,11
2008-10-13,21,23,24,25,32,3,4
2008-10-15,11,23,24,32,35,4,10
2008-10-18,3,6,12,20,29,9,12
2008-10-20,1,6,12,28,31,8,9
2008-10-22,2,10,13,29,33,6,10
2008-10-25,1,4,28,33,34,6,11
2008-10-27,9,29,32,34,35,1,8
2008-10-29,8,21,22,31,33,1,7
2008-11-01,12,15,23,24,25,10,11
2008-11-03,13,16,20,25,27,4,5
2008-11-05,3,5,22,29,34,7,12
2008-11-08,8,9,12,21,32,7,11
2008-11-10,6,14,24,27,29,5,9
2008-11-12,10,12,15,33,35,3,9
2008-11-15,11,13,15,28,35,8,10
2008-11-17,7,22,25,29,33,1,12
2008-11-19,3,28,29,32,34,1,6
2008-11-22,1,10,25,32,35,5,9
2008-11-24,4,5,18,22,35,7,8
2008-11-26,1,6,10,14,22,6,8
2008-11-29,2,9,11,29,32,8,9
2008-12-01,9,15,18,30,34,4,5
2008-12-03,6,18,21,30,35,8,9
2008-12-06,1,2,22,29,32,1,4
2008-12-08,10,19,27,28,33,5,12
2008-12-10,5,16,27,29,30,5,11
2008-12-13,9,23,24,26,33,7,12
2008-12-15,16,18,19,24,35,11,12
2008-12-17,3,7,20,33,35,4,7
2008-12-20,2,5,6,27,29,3,4
2008-12-22,1,9,10,15,25,3,8
2008-12-24,7,10,27,31,34,8,9
2008-12-27,3,5,14,20,33,7,11
2008-12-29,2,4,6,25,26,2,5
2008-12-31,5,7,10,29,32,4,6
2009-01-03,1,15,23,27,30,4,10
2009-01-05,1,4,7,12,30,5,10
2009-01-07,16,18,23,30,32,2,11
2009-01-10,1,3,22,32,35,6,10
2009-01-12,10,11,15,31,32,5,8
2009-01-14,2,4,22,31,35,9,12
2009-01-17,6,14,15,29,35,6,11
2009-01-19,4,17,21,29,31,2,12
2009-01-21,12,18,23,26,32,6,9
2009-01-24,2,9,12,21,29,7,11
2009-02-02,2,11,13,14,21,2,4
2009-02-04,2,5,20,25,31,10,12
2009-02-07,5,24,26,30,35,5,12
2009-02-09,8,14,15,25,26,7,9
2009-02-11,1,5,10,16,27,3,4
2009-02-14,10,11,20,26,27,9,11
2009-02-16,5,11,23,26,33,4,12
2009-02-18,1,6,13,28,29,3,9
2009-02-21,4,29,31,32,35,4,10
2009-02-23,5,16,18,32,35,2,11
2009-02-25,1,15,31,32,34,3,8
2009-02-28,12,14,17,34,35,4,11
2009-03-02,15,17,21,27,33,7,11
2009-03-04,29,31,32,33,35,10,11
2009-03-07,3,17,22,23,33,4,10
2009-03-09,24,30,31,32,34,10,12
2009-03-11,3,22,26,33,34,9,10
2009-03-14,6,20,30,32,35,9,11
2009-03-16,3,4,13,17,24,4,11
2009-03-18,1,7,27,30,32,1,4
2009-03-21,7,11,19,21,22,1,11
2009-03-23,4,12,20,26,29,6,10
2009-03-25,2,8,18,21,32,8,11
2009-03-28,5,19,31,32,35,4,9
2009-03-30,3,7,9,28,33,3,8
2009-04-01,2,12,26,31,33,9,10
2009-04-04,17,18,19,25,31,1,11
2009-04-06,6,17,20,29,32,4,5
2009-04-08,1,3,7,10,33,3,4
2009-04-11,3,16,30,32,33,1,10
2009-04-13,5,9,20,23,29,4,10
2009-04-15,11,24,25,26,31,2,7
2009-04-18,5,21,22,32,35,2,5
2009-04-20,1,7,18,29,34,3,9
2009-04-22,1,9,14,24,35,6,9
2009-04-25,1,9,24,34,35,4,9
2009-04-27,13,18,21,24,29,3,6
2009-04-29,5,6,22,25,27,11,12
2009-05-02,5,16,28,29,34,11,12
2009-05-04,5,15,28,32,33,8,9
2009-05-06,3,11,22,26,29,5,12
2009-05-09,23,24,30,34,35,1,3
2009-05-11,5,9,24,31,33,5,6
2009-05-13,2,12,19,29,30,7,12
2009-05-16,5,8,14,23,24,5,6
2009-05-18,4,13,17,32,35,3,6
2009-05-20,6,15,22,27,30,2,9
2009-05-23,8,10,14,27,32,2,7
2009-05-25,2,13,14,29,33,4,11
2009-05-27,18,28,29,30,31,4,8
2009-05-30,2,10,21,26,34,2,10
2009-06-01,4,22,23,29,31,5,11
2009-06-03,5,6,18,21,22,1,7
2009-06-06,6,10,11,17,34,11,12
2009-06-08,1,12,24,27,32,2,11
2009-06-10,1,8,19,24,31,6,12
2009-06-13,3,6,25,28,32,2,5
2009-06-15,2,12,15,20,28,1,12
2009-06-17,14,16,27,30,33,8,12
2009-06-20,10,21,24,30,31,3,10
2009-06-22,4,20,29,30,33,2,11
2009-06-24,23,26,29,32,33,5,10
2009-06-27,1,10,19,21,30,1,4
2009-06-29,15,17,19,23,32,1,11
2009-07-01,1,7,11,32,33,9,11
2009-07-04,3,9,11,18,24,4,5
2009-07-06,7,20,28,32,34,6,8
2009-07-08,11,23,26,31,34,5,11
2009-07-11,1,2,7,13,34,4,10
2009-07-13,7,16,19,29,35,2,11
2009-07-15,2,15,20,25,33,3,6
2009-07-18,5,11,26,29,32,8,11
2009-07-20,2,5,28,34,35,1,7
2009-07-22,5,9,19,26,35,2,10
2009-07-25,6,13,27,33,34,9,12
2009-07-27,1,2,7,26,29,10,12
2009-07-29,10,24,28,30,33,1,10
2009-08-01,13,16,27,32,34,3,9
2009-08-03,3,6,11,19,27,2,7
2009-08-05,18,25,30,33,34,4,10
2009-08-08,1,5,17,32,34,3,7
2009-08-10,10,21,22,27,29,8,12
2009-08-12,7,9,22,30,33,9,11
2009-08-15,1,5,21,23,29,5,12
2009-08-17,8,18,24,30,33,1,6
2009-08-19,7,12,28,32,33,1,3
2009-08-22,6,13,14,22,25,1,4
2009-08-24,11,17,19,25,26,2,10
2009-08-26,3,9,21,23,33,6,10
2009-08-29,16,20,25,29,33,1,8
2009-08-31,2,10,14,22,26,4,9
2009-09-02,11,13,29,32,35,10,12
2009-09-05,16,20,28,32,33,1,2
2009-09-07,15,25,29,32,33,10,11
2009-09-09,1,25,26,34,35,6,11
2009-09-12,11,21,22,25,34,6,9
2009-09-14,11,12,33,34,35,1,10
2009-09-16,1,9,14,29,30,7,10
2009-09-19,2,11,13,26,35,6,10
2009-09-21,22,28,30,31,34,7,9
2009-09-23,4,11,13,19,35,10,12
2009-09-26,2,8,12,34,35,4,5
2009-09-28,3,4,10,18,27,6,8
2009-09-30,2,8,25,29,33,3,7
2009-10-03,1,2,6,8,26,5,12
2009-10-05,12,15,23,30,33,9,12
2009-10-07,7,21,29,31,33,9,10
2009-10-10,10,17,18,21,34,5,11
2009-10-12,3,12,22,23,28,4,12
2009-10-14,11,23,27,28,32,2,5
2009-10-17,4,5,8,11,22,2,10
2009-10-19,1,2,11,31,33,5,6
2009-10-21,10,21,28,29,32,6,10
2009-10-24,1,3,14,32,35,7,11
2009-10-26,8,20,23,29,31,2,11
2009-10-28,14,23,27,28,33,8,12
2009-10-31,5,9,27,32,34,5,8
2009-11-02,6,21,28,32,34,4,7
2009-11-04,2,10,18,32,33,3,8
2009-11-07,9,14,25,32,34,2,8
2009-11-09,2,3,8,33,34,3,11
2009-11-11,2,10,12,15,28,4,7
2009-11-14,1,8,24,27,34,10,11
2009-11-16,2,16,19,28,33,7,11
2009-11-18,6,8,15,20,32,5,6
2009-11-21,7,13,23,24,29,6,10
2009-11-23,12,28,29,30,34,1,9
2009-11-25,3,4,14,28,32,9,10
2009-11-28,14,16,20,22,32,5,9
2009-11-30,7,8,19,26,30,1,12
2009-12-02,13,14,21,30,33,2,8
2009-12-05,5,6,13,24,31,3,11
2009-12-07,1,9,10,11,22,1,12
2009-12-09,18,26,32,33,34,4,6
2009-12-12,5,11,14,22,35,3,10
2009-12-14,11,17,23,24,25,3,6
2009-12-16,6,12,18,22,29,5,8
2009-12-19,2,4,13,14,33,1,9
2009-12-21,1,3,10,12,20,2,7
2009-12-23,4,11,18,25,34,5,7
2009-12-26,3,8,14,30,31,4,9
2009-12-28,1,23,29,30,32,7,12
2009-12-30,21,22,30,32,34,3,7
2010-01-02,2,6,7,12,27,2,8
2010-01-04,4,23,25,26,30,7,10
2010-01-06,5,14,23,27,30,2,8
2010-01-09,3,6,21,24,34,4,6
2010-01-11,4,17,19,22,30,2,3
2010-01-13,3,13,19,30,34,2,5
2010-01-16,7,23,26,29,32,8,11
2010-01-18,11,23,25,31,32,5,11
2010-01-20,2,5,13,27,32,3,11
2010-01-23,15,22,24,32,35,2,9
2010-01-25,2,3,11,27,32,8,11
2010-01-27,20,24,30,31,33,5,12
2010-01-30,18,21,22,26,34,9,12
2010-02-01,18,19,30,33,35,2,4
2010-02-03,3,10,14,18,28,8,10
2010-02-06,10,12,20,23,32,4,10
2010-02-08,13,21,23,27,34,9,12
2010-02-10,3,10,26,32,33,4,12
2010-02-20,3,11,19,26,27,2,9
2010-02-22,8,18,26,32,33,1,6
2010-02-24,11,20,23,24,25,7,9
2010-02-27,2,11,13,14,25,2,5
2010-03-01,11,13,29,32,33,2,8
2010-03-03,3,14,19,24,25,4,11
2010-03-06,9,11,13,14,25,1,7
2010-03-08,5,23,25,31,35,7,10
2010-03-10,5,23,26,32,34,2,9
2010-03-13,1,2,7,20,35,1,3
2010-03-15,21,22,33,34,35,3,4
2010-03-17,10,12,19,32,35,2,7
2010-03-20,5,13,16,17,35,6,8
2010-03-22,13,16,23,24,33,7,11
2010-03-24,12,19,28,29,30,5,8
2010-03-27,1,6,19,25,26,3,9
2010-03-29,14,16,20,31,34,1,7
2010-03-31,19,25,28,31,33,1,8
2010-04-03,19,21,26,34,35,1,9
2010-04-05,8,10,25,29,33,1,2
2010-04-07,7,19,26,28,32,1,8
2010-04-10,13,20,26,31,35,2,11
2010-04-12,16,22,28,29,34,4,12
2010-04-14,1,5,19,34,35,6,7
2010-04-17,5,8,10,33,35,2,10
2010-04-19,6,21,24,28,30,2,7
2010-04-21,8,17,18,20,28,9,10
2010-04-24,2,15,19,26,27,5,6
2010-04-26,4,8,11,30,31,2,8
2010-04-28,2,3,10,12,25,3,9
2010-05-01,1,25,29,31,33,4,10
2010-05-03,7,8,15,30,35,5,10
2010-05-05,6,10,20,24,32,6,10
2010-05-08,4,6,25,29,32,5,6
2010-05-10,9,19,22,26,34,9,11
2010-05-12,12,25,29,30,33,10,11
2010-05-15,13,14,17,27,32,2,10
2010-05-17,5,9,23,25,30,9,12
2010-05-19,15,17,24,32,35,7,9
2010-05-22,6,15,17,19,30,1,12
2010-05-24,6,10,14,25,34,1,3
2010-05-26,10,13,22,33,34,1,5
2010-05-29,5,12,14,17,22,5,7
2010-05-31,6,7,18,30,31,7,8
2010-06-02,7,14,16,30,31,3,6
2010-06-05,7,10,12,20,21,6,9
2010-06-07,5,8,13,14,32,8,11
2010-06-09,15,21,22,24,27,1,6
2010-06-12,1,11,19,30,32,3,10
2010-06-14,11,17,19,20,34,6,10
2010-06-16,6,17,18,25,29,8,9
2010-06-19,5,14,23,25,28,11,12
2010-06-21,7,12,26,30,32,2,7
2010-06-23,5,10,17,23,25,3,10
2010-06-26,4,9,11,30,32,1,11
2010-06-28,3,7,20,27,32,2,12
2010-06-30,10,12,17,23,27,5,7
2010-07-03,9,12,16,19,35,2,12
2010-07-05,6,7,9,17,24,2,12
2010-07-07,2,3,15,28,35,1,11
2010-07-10,1,4,21,22,24,2,5
2010-07-12,8,19,27,29,34,4,10
2010-07-14,14,18,20,24,27,5,10
2010-07-17,5,8,24,29,30,4,6
2010-07-19,7,11,21,22,35,4,7
2010-07-21,3,13,14,22,26,2,5
2010-07-24,2,10,16,18,34,2,3
2010-07-26,1,2,12,19,35,5,7
2010-07-28,1,12,20,21,24,2,8
2010-07-31,3,5,14,30,35,3,6
2010-08-02,4,10,13,18,23,8,10
2010-08-04,8,24,26,31,32,7,9
2010-08-07,6,10,23,26,31,5,7
2010-08-09,2,15,29,30,34,2,12
2010-08-11,2,4,9,28,29,5,8
2010-08-14,20,32,33,34,35,6,7
2010-08-16,12,14,16,19,25,1,6
2010-08-18,4,9,24,30,35,1,10
2010-08-21,9,17,21,28,29,2,8
2010-08-23,2,3,12,13,25,1,7
2010-08-25,3,11,17,21,30,1,8
2010-08-28,19,20,30,33,35,6,8
2010-08-30,11,15,22,27,35,5,8
2010-09-01,4,15,19,24,35,1,10
2010-09-04,10,14,29,30,35,5,8
2010-09-06,14,25,30,32,33,1,11
2010-09-08,5,17,26,27,35,8,9
2010-09-11,5,27,28,29,34,9,12
2010-09-13,14,17,22,27,34,3,5
2010-09-15,1,10,13,19,34,9,12
2010-09-18,1,2,8,11,25,10,12
2010-09-20,21,29,30,33,35,7,11
2010-09-22,3,6,13,14,29,1,2
2010-09-25,14,15,18,34,35,8,10
2010-09-27,5,16,22,23,32,4,10
2010-09-29,3,7,22,25,35,3,11
2010-10-02,5,7,10,15,32,3,8
2010-10-04,14,22,27,28,35,4,10
2010-10-06,4,6,21,27,34,5,9
2010-10-09,19,22,23,29,35,8,10
2010-10-11,5,13,14,23,26,2,3
2010-10-13,8,10,18,34,35,6,10
2010-10-16,21,22,31,32,34,2,12
2010-10-18,5,6,11,13,26,2,7
2010-10-20,18,20,30,32,33,1,11
2010-10-23,1,9,27,29,34,1,6
2010-10-25,1,7,9,14,19,9,12
2010-10-27,3,5,9,13,33,5,11
2010-10-30,3,22,24,30,33,4,10
2010-11-01,6,17,19,29,35,2,8
2010-11-03,14,15,24,25,26,3,7
2010-11-06,5,6,9,10,34,8,11
2010-11-08,10,15,22,28,29,4,12
2010-11-10,18,21,23,25,29,6,11
2010-11-13,11,16,17,21,22,3,6
2010-11-15,9,12,13,19,30,4,5
2010-11-17,14,17,19,26,32,3,4
2010-11-20,3,13,18,30,33,7,8
2010-11-22,22,27,28,33,35,9,11
2010-11-24,8,12,14,19,27,5,6
2010-11-27,3,13,16,19,29,7,9
2010-11-29,6,18,20,30,31,3,6
2010-12-01,5,11,17,23,33,3,10
2010-12-04,10,11,19,21,27,4,6
2010-12-06,10,16,18,22,27,6,8
2010-12-08,2,11,16,22,31,10,11
2010-12-11,18,19,27,28,33,3,6
2010-12-13,14,17,30,31,34,4,10
2010-12-15,1,15,19,21,23,11,12
2010-12-18,3,4,8,10,35,2,6
2010-12-20,5,22,24,25,30,1,6
2010-12-22,5,24,28,29,35,1,9
2010-12-25,1,10,32,33,35,3,8
2010-12-27,2,5,18,22,23,7,12
2010-12-29,6,7,16,24,35,4,6
2011-01-01,7,8,15,32,34,5,12
2011-01-03,11,13,27,28,29,2,6
2011-01-05,1,24,27,30,31,1,6
2011-01-08,7,8,10,23,25,7,9
2011-01-10,1,7,25,27,30,7,12
2011-01-12,2,8,16,26,35,11,12
2011-01-15,14,24,32,33,35,2,9
2011-01-17,1,23,26,27,30,5,6
2011-01-19,9,10,11,14,24,3,8
2011-01-22,4,8,10,14,27,5,7
2011-01-24,2,17,23,24,30,2,9
2011-01-26,3,12,19,25,30,8,11
2011-01-29,5,8,14,28,30,4,6
2011-01-31,2,14,20,21,24,2,9
2011-02-09,8,18,19,22,23,1,3
2011-02-12,15,20,30,33,35,6,9
2011-02-14,16,19,24,26,31,2,4
2011-02-16,16,22,24,32,34,2,10
2011-02-19,8,21,23,27,33,6,11
2011-02-21,9,12,19,22,28,1,5
2011-02-23,1,9,13,17,30,2,8
2011-02-26,9,14,24,25,34,1,4
2011-02-28,5,13,16,18,24,2,12
2011-03-02,12,15,16,20,33,8,12
2011-03-05,8,9,25,28,29,2,10
2011-03-07,1,9,15,20,29,7,9
2011-03-09,5,14,25,34,35,2,5
2011-03-12,1,2,13,17,28,1,4
2011-03-14,3,9,17,24,28,6,12
2011-03-16,15,19,25,30,33,3,8
2011-03-19,12,17,19,22,35,4,11
2011-03-21,7,16,23,31,33,3,10
2011-03-23,3,19,24,29,33,3,9
2011-03-26,3,6,9,17,27,3,9
2011-03-28,3,4,13,15,32,4,9
2011-03-30,3,18,29,30,33,8,9
2011-04-02,1,12,14,22,24,10,12
2011-04-04,7,9,11,13,33,10,12
2011-04-06,1,11,14,22,34,6,8
2011-04-09,3,7,15,18,20,1,6
2011-04-11,4,5,11,13,25,3,6
2011-04-13,6,9,18,30,32,10,12
2011-04-16,2,8,23,33,35,5,10
2011-04-18,11,21,24,26,31,6,7
2011-04-20,13,21,22,29,31,7,11
2011-04-23,9,15,16,19,29,4,6
2011-04-25,2,15,22,33,35,5,8
2011-04-27,13,17,25,27,28,2,3
2011-04-30,5,6,10,22,25,1,9
2011-05-02,4,7,29,32,33,8,10
2011-05-04,6,8,12,17,18,5,10
2011-05-07,13,24,31,32,33,3,9
2011-05-09,3,16,28,31,32,1,9
2011-05-11,5,9,16,26,35,3,10
2011-05-14,1,7,31,32,35,2,10
2011-05-16,3,5,29,30,31,8,10
2011-05-18,7,11,30,31,34,9,12
2011-05-21,1,9,27,32,33,3,6
2011-05-23,9,16,21,29,34,7,10
2011-05-25,3,25,29,32,34,9,10
2011-05-28,6,7,16,18,20,4,10
2011-05-30,6,10,17,20,21,3,7
2011-06-01,10,17,18,26,32,1,5
2011-06-04,1,6,27,30,34,1,6
2011-06-06,3,11,14,25,34,1,4
2011-06-08,6,13,18,20,33,9,10
2011-06-11,10,17,22,24,32,3,10
2011-06-13,1,13,16,18,32,7,9
2011-06-15,3,5,28,29,33,4,12
2011-06-18,9,19,22,29,30,2,8
2011-06-20,27,31,33,34,35,4,6
2011-06-22,3,11,13,20,35,3,8
2011-06-25,13,19,20,22,33,5,11
2011-06-27,7,16,23,28,31,3,6
2011-06-29,6,9,20,23,28,6,10
2011-07-02,18,23,25,29,30,1,2
2011-07-04,5,8,19,33,34,1,12
2011-07-06,4,9,16,27,30,2,6
2011-07-09,1,3,23,30,31,2,10
2011-07-11,5,12,30,31,32,1,3
2011-07-13,4,13,20,21,35,2,9
2011-07-16,7,20,25,30,32,5,9
2011-07-18,6,8,18,20,24,4,8
2011-07-20,14,29,31,34,35,1,12
2011-07-23,2,17,19,21,22,3,10
2011-07-25,4,5,6,9,15,1,6
2011-07-27,6,13,20,25,34,7,9
2011-07-30,20,21,27,29,35,3,8
2011-08-01,5,6,23,27,34,3,4
2011-08-03,2,4,29,30,34,5,8
2011-08-06,11,17,23,29,30,6,8
2011-08-08,10,17,19,32,33,1,12
2011-08-10,4,6,8,19,31,10,11
2011-08-13,11,21,22,32,34,4,8
2011-08-15,9,12,17,19,29,6,11
2011-08-17,3,8,20,24,25,1,2
2011-08-20,4,19,28,31,33,11,12
2011-08-22,6,7,28,33,35,1,10
2011-08-24,2,6,9,12,20,5,8
2011-08-27,8,11,13,28,33,8,9
2011-08-29,5,12,20,28,30,3,7
2011-08-31,19,24,28,31,34,4,12
2011-09-03,3,4,26,29,34,1,3
2011-09-05,7,19,27,28,34,2,5
2011-09-07,2,11,26,32,33,5,12
2011-09-10,1,9,29,30,35,5,9
2011-09-12,2,6,18,30,32,1,8
2011-09-14,7,15,18,24,28,1,7
2011-09-17,1,11,12,22,34,8,10
2011-09-19,30,31,33,34,35,4,7
2011-09-21,2,11,13,23,31,11,12
2011-09-24,6,17,28,32,33,8,12
2011-09-26,4,5,7,10,12,4,5
2011-09-28,6,8,17,27,35,2,11
2011-10-01,17,26,30,31,35,6,11
2011-10-03,10,15,18,19,26,7,12
2011-10-05,10,12,28,32,33,3,5
2011-10-08,4,7,11,32,35,5,7
2011-10-10,4,15,20,26,31,6,12
2011-10-12,20,25,26,30,31,9,10
2011-10-15,2,3,30,31,33,3,9
2011-10-17,3,8,23,24,34,5,12
2011-10-19,10,14,18,19,35,1,6
2011-10-22,8,12,14,20,25,6,8
2011-10-24,7,10,27,34,35,10,12
2011-10-26,7,17,29,30,33,10,12
2011-10-29,1,11,22,26,29,5,8
2011-10-31,3,4,6,11,13,1,2
2011-11-02,1,7,13,18,23,4,8
2011-11-05,8,9,13,23,35,11,12
2011-11-07,3,5,12,18,33,7,11
2011-11-09,12,14,16,19,33,2,9
2011-11-12,4,11,23,26,35,3,12
2011-11-14,1,10,12,14,17,9,10
2011-11-16,6,22,29,33,35,3,12
2011-11-19,8,9,11,19,33,3,12
2011-11-21,2,15,18,23,31,1,2
2011-11-23,17,23,26,30,32,6,12
2011-11-26,4,6,10,15,16,3,4
2011-11-28,1,12,32,33,34,9,11
2011-11-30,2,11,19,22,35,10,12
2011-12-03,4,26,30,33,34,4,6
2011-12-05,8,9,12,25,33,7,10
2011-12-07,7,18,24,28,33,2,3
2011-12-10,7,15,19,24,29,4,6
2011-12-12,9,13,19,29,34,2,11
2011-12-14,1,15,16,27,28,2,7
2011-12-17,7,10,11,26,31,3,4
2011-12-19,2,7,12,29,31,3,5
2011-12-21,13,22,30,33,34,6,12
2011-12-24,7,11,14,20,27,3,10
2011-12-26,1,4,6,21,35,2,11
2011-12-28,6,22,29,30,35,3,5
2011-12-31,4,12,16,20,28,8,11
2012-01-02,7,27,28,32,33,1,12
2012-01-04,3,11,14,26,29,7,8
2012-01-07,16,22,24,33,34,3,10
2012-01-09,10,11,22,31,32,6,7
2012-01-11,1,2,29,31,33,7,12
2012-01-14,3,20,22,25,27,1,9
2012-01-16,4,5,13,17,25,7,10
2012-01-18,6,8,30,31,32,1,11
2012-01-21,6,14,20,29,35,9,10
2012-01-30,25,26,29,32,34,5,7
2012-02-01,5,19,22,29,30,2,4
2012-02-04,6,18,22,30,35,2,7
2012-02-06,7,8,11,12,24,1,2
2012-02-08,10,14,24,30,32,1,12
2012-02-11,12,13,24,26,33,6,8
2012-02-13,5,14,20,29,31,8,12
2012-02-15,6,11,22,29,34,3,12
2012-02-18,3,10,14,29,31,4,8
2012-02-20,7,9,17,30,34,1,12
2012-02-22,12,14,27,29,34,3,6
2012-02-25,10,15,21,31,34,7,8
2012-02-27,7,12,20,33,35,1,10
2012-02-29,7,9,17,29,35,9,10
2012-03-03,3,11,17,21,30,3,7
2012-03-05,1,2,5,12,27,4,7
2012-03-07,10,11,22,23,29,2,9
2012-03-10,3,10,11,22,31,5,7
2012-03-12,10,12,15,33,34,3,10
2012-03-14,4,7,8,18,29,7,10
2012-03-17,3,21,22,26,32,1,3
2012-03-19,19,21,23,25,30,3,8
2012-03-21,7,8,16,26,34,7,11
2012-03-24,8,13,19,27,32,1,8
2012-03-26,1,8,15,16,29,8,9
2012-03-28,1,4,30,32,35,8,12
2012-03-31,1,9,20,30,31,8,12
2012-04-02,9,13,27,31,35,3,10
2012-04-04,11,23,25,31,35,1,3
2012-04-07,15,21,22,24,35,1,5
2012-04-09,2,13,23,28,29,1,5
2012-04-11,1,2,13,22,23,2,10
2012-04-14,7,24,27,28,35,7,12
2012-04-16,1,6,25,31,34,3,9
2012-04-18,3,4,14,32,35,1,2
2012-04-21,5,11,17,20,28,11,12
2012-04-23,4,8,19,23,27,4,11
2012-04-25,5,7,17,30,34,3,10
2012-04-28,6,9,26,30,35,5,6
2012-04-30,9,18,22,27,31,10,12
2012-05-02,13,17,22,28,29,1,10
2012-05-05,1,2,17,18,33,5,12
2012-05-07,10,20,26,31,33,10,12
2012-05-09,11,12,26,28,31,7,12
2012-05-12,1,16,18,27,30,10,11
2012-05-14,7,22,26,32,33,1,8
2012-05-16,11,21,23,26,34,7,9
2012-05-19,1,2,14,33,34,3,5
2012-05-21,13,21,29,31,35,4,12
2012-05-23,9,13,19,21,27,3,4
2012-05-26,2,16,21,24,30,6,10
2012-05-28,5,10,14,27,33,7,9
2012-05-30,21,32,33,34,35,8,9
2012-06-02,11,25,26,29,35,1,2
2012-06-04,9,12,13,15,30,9,10
2012-06-06,10,22,28,29,34,5,11
2012-06-09,1,20,25,29,33,4,6
2012-06-11,20,22,27,30,33,1,2
2012-06-13,1,21,31,32,35,3,6
2012-06-16,2,4,22,25,34,2,11
2012-06-18,9,22,23,32,34,6,8
2012-06-20,13,23,29,31,34,6,8
2012-06-23,4,8,17,22,25,4,10
2012-06-25,18,23,29,33,34,2,7
2012-06-27,10,22,23,30,32,1,7
2012-06-30,7,9,10,18,22,5,10
2012-07-02,2,14,16,22,24,2,5
2012-07-04,10,30,32,33,34,2,3
2012-07-07,1,2,23,25,35,5,12
2012-07-09,1,5,25,32,33,1,10
2012-07-11,11,12,14,25,28,2,5
2012-07-14,10,16,17,30,35,1,8
2012-07-16,2,4,9,10,15,8,10
2012-07-18,16,19,28,29,31,5,8
2012-07-21,21,24,27,29,31,1,2
2012-07-23,7,18,29,31,33,10,12
2012-07-25,3,20,25,29,32,5,10
2012-07-28,1,6,7,21,31,4,11
2012-07-30,13,17,24,30,35,2,10
2012-08-01,6,12,21,29,32,6,11
2012-08-04,2,21,27,29,33,2,10
2012-08-06,3,10,28,31,33,1,9
2012-08-08,8,9,23,25,31,2,12
2012-08-11,2,16,21,31,33,4,11
2012-08-13,2,14,23,32,35,1,10
2012-08-15,6,9,22,27,30,8,12
2012-08-18,5,10,19,24,35,8,9
2012-08-20,9,17,24,29,32,1,2
2012-08-22,2,11,28,29,30,6,12
2012-08-25,12,18,24,25,32,2,12
2012-08-27,7,9,13,19,27,1,3
2012-08-29,2,5,8,9,31,3,7
2012-09-01,2,4,6,13,35,4,8
2012-09-03,2,9,18,23,24,1,4
2012-09-05,16,18,24,25,27,4,9
2012-09-08,5,6,14,15,31,6,8
2012-09-10,15,23,25,29,31,9,10
2012-09-12,4,7,9,22,33,1,3
2012-09-15,6,7,12,24,35,2,6
2012-09-17,1,22,30,32,35,9,11
2012-09-19,1,11,17,19,26,5,12
2012-09-22,1,24,25,30,33,4,11
2012-09-24,1,2,28,31,35,5,7
2012-09-26,3,10,22,27,29,3,12
2012-09-29,3,6,21,33,35,1,7
2012-10-01,1,6,13,19,23,6,9
2012-10-03,1,11,18,20,22,7,10
2012-10-06,1,12,18,21,33,7,8
2012-10-08,5,17,25,30,33,1,12
2012-10-10,5,6,9,19,32,6,9
2012-10-13,2,10,21,23,29,3,4
2012-10-15,7,18,20,29,30,5,6
2012-10-17,23,24,25,29,31,3,12
2012-10-20,5,8,18,30,33,1,9
2012-10-22,7,11,19,20,35,5,10
2012-10-24,6,14,17,22,35,1,2
2012-10-27,13,14,21,28,29,5,10
2012-10-29,12,13,14,25,35,10,12
2012-10-31,9,10,19,30,31,4,11
2012-11-03,1,7,21,28,31,3,9
2012-11-05,14,19,23,29,30,6,7
2012-11-07,2,16,18,27,30,8,12
2012-11-10,5,8,21,25,33,1,11
2012-11-12,5,7,13,29,30,1,5
2012-11-14,1,6,18,32,35,2,7
2012-11-17,3,5,17,18,33,6,7
2012-11-19,2,23,29,30,31,1,4
2012-11-21,3,12,20,21,27,1,6
2012-11-24,13,17,27,31,33,6,12
2012-11-26,9,10,12,22,25,4,11
2012-11-28,7,17,27,28,29,9,10
2012-12-01,3,11,19,23,34,2,12
2012-12-03,15,19,29,34,35,7,10
2012-12-05,9,27,29,30,31,3,6
2012-12-08,11,13,14,21,29,1,10
2012-12-10,5,22,31,33,35,6,9
2012-12-12,1,10,13,17,26,6,8
2012-12-15,2,3,17,19,33,2,9
2012-12-17,4,16,27,29,34,6,11
2012-12-19,2,10,23,33,34,5,10
2012-12-22,2,14,18,24,31,2,3
2012-12-24,3,19,20,24,33,3,4
2012-12-26,4,17,26,33,34,2,8
2012-12-29,8,9,10,13,22,5,10
2012-12-31,3,26,27,31,32,3,9
2013-01-02,6,9,11,31,32,5,11
2013-01-05,4,20,27,31,32,6,12
2013-01-07,1,16,18,21,31,9,12
2013-01-09,7,8,12,20,25,3,7
2013-01-12,18,22,26,28,31,10,12
2013-01-14,8,20,25,31,32,5,7
2013-01-16,14,29,32,33,34,3,6
2013-01-19,2,7,25,29,34,3,6
2013-01-21,10,17,19,27,29,5,12
2013-01-23,9,15,17,18,29,9,11
2013-01-26,1,2,8,15,23,6,9
2013-01-28,1,14,31,32,34,2,11
2013-01-30,13,15,29,30,35,1,11
2013-02-02,5,8,25,29,31,2,4
2013-02-04,14,15,26,32,33,1,11
2013-02-06,5,15,19,27,32,8,9
2013-02-16,11,14,22,29,34,5,11
2013-02-18,20,23,31,33,34,3,9
2013-02-20,6,12,17,29,30,7,11
2013-02-23,6,11,20,31,32,5,9
2013-02-25,23,24,28,30,33,1,11
2013-02-27,3,4,13,17,23,3,8
2013-03-02,5,19,24,26,35,5,7
2013-03-04,9,12,14,18,24,1,4
2013-03-06,3,23,25,26,28,10,12
2013-03-09,2,10,16,30,33,5,6
2013-03-11,3,12,14,24,35,3,8
2013-03-13,13,19,28,30,34,8,12
2013-03-16,5,7,17,25,26,4,10
2013-03-18,3,5,9,10,28,5,7
2013-03-20,12,17,18,26,32,10,11
2013-03-23,12,27,28,33,35,1,8
2013-03-25,12,18,22,28,31,1,11
2013-03-27,1,3,11,19,29,4,8
2013-03-30,5,14,28,32,34,7,8
2013-04-01,8,12,32,33,35,3,5
2013-04-03,2,26,31,32,34,6,8
2013-04-06,1,19,24,25,26,7,9
2013-04-08,6,23,30,33,35,7,10
2013-04-10,16,17,22,26,35,3,10
2013-04-13,3,13,14,15,34,5,8
2013-04-15,2,6,22,23,33,1,6
2013-04-17,7,13,25,34,35,7,9
2013-04-20,7,11,13,18,28,5,10
2013-04-22,8,11,12,21,25,2,7
2013-04-24,15,16,19,25,32,5,11
2013-04-27,12,20,28,30,35,3,11
2013-04-29,10,11,23,32,33,1,4
2013-05-01,18,22,25,31,32,4,6
2013-05-04,14,22,30,32,33,7,8
2013-05-06,5,8,15,18,33,7,8
2013-05-08,1,2,10,29,31,1,10
2013-05-11,13,31,33,34,35,5,7
2013-05-13,5,8,21,30,32,1,8
2013-05-15,4,5,22,23,24,3,9
2013-05-18,11,22,30,32,35,3,4
2013-05-20,7,15,27,33,35,7,10
2013-05-22,20,21,27,31,35,7,11
2013-05-25,3,8,11,24,27,7,12
2013-05-27,15,25,26,32,35,5,10
2013-05-29,1,14,18,21,32,5,10
2013-06-01,1,5,8,9,12,9,12
2013-06-03,3,5,11,27,28,5,6
2013-06-05,21,24,26,28,32,1,3
2013-06-08,9,28,31,34,35,2,9
2013-06-10,6,7,13,33,34,2,11
2013-06-12,2,3,5,8,29,10,12
2013-06-15,10,17,27,34,35,5,7
2013-06-17,6,12,13,16,30,7,12
2013-06-19,9,12,18,21,29,1,8
2013-06-22,13,19,26,27,28,3,11
2013-06-24,12,27,28,33,35,3,5
2013-06-26,3,5,23,27,31,2,6
2013-06-29,6,14,20,24,32,1,7
2013-07-01,1,11,13,19,35,7,8
2013-07-03,13,15,16,26,27,9,10
2013-07-06,24,26,30,32,35,6,12
2013-07-08,2,7,23,31,33,2,8
2013-07-10,9,10,17,21,34,1,7
2013-07-13,6,21,23,27,31,4,6
2013-07-15,7,9,15,17,23,2,7
2013-07-17,3,9,25,26,33,3,12
2013-07-20,26,29,30,32,35,4,10
2013-07-22,8,22,26,29,35,1,5
2013-07-24,8,19,23,27,32,3,5
2013-07-27,9,16,26,29,31,6,9
2013-07-29,9,12,22,32,34,2,4
2013-07-31,3,5,8,33,35,1,3
2013-08-03,6,7,23,24,29,4,11
2013-08-05,2,26,30,31,33,11,12
2013-08-07,4,9,28,34,35,2,8
2013-08-10,7,10,21,27,33,3,9
2013-08-12,1,5,17,18,26,5,7
2013-08-14,3,28,33,34,35,6,9
2013-08-17,3,17,28,30,33,1,10
2013-08-19,17,19,20,22,26,6,8
2013-08-21,7,8,13,17,32,3,8
2013-08-24,2,6,16,29,34,10,11
2013-08-26,4,11,28,30,33,5,12
2013-08-28,9,12,24,26,30,5,9
2013-08-31,4,9,13,15,32,2,9
2013-09-02,6,12,15,19,26,2,11
2013-09-04,5,8,13,16,31,3,9
2013-09-07,2,5,11,27,29,1,11
2013-09-09,7,13,27,30,34,1,12
2013-09-11,6,7,12,13,27,3,12
2013-09-14,7,13,14,18,25,5,12
2013-09-16,5,10,13,15,18,2,11
2013-09-18,13,20,26,29,32,2,6
2013-09-21,7,16,18,32,33,2,7
2013-09-23,7,12,13,20,27,1,3
2013-09-25,2,10,20,22,29,5,12
2013-09-28,19,21,23,28,30,8,12
2013-09-30,6,17,21,23,33,1,9
2013-10-02,5,16,29,32,34,4,11
2013-10-05,13,22,23,30,33,9,11
2013-10-07,5,16,23,25,33,7,12
2013-10-09,4,6,11,20,31,1,5
2013-10-12,1,2,16,23,35,1,11
2013-10-14,6,14,15,22,26,3,11
2013-10-16,3,18,19,20,24,3,12
2013-10-19,15,17,20,24,35,4,12
2013-10-21,2,9,10,33,34,5,12
2013-10-23,5,7,18,21,32,10,11
2013-10-26,4,8,14,23,28,4,8
2013-10-28,9,10,15,18,30,3,6
2013-10-30,3,14,16,19,32,5,10
2013-11-02,11,13,27,33,35,1,2
2013-11-04,11,23,29,30,33,1,4
2013-11-06,8,9,15,19,30,6,9
2013-11-09,12,15,29,30,31,4,12
2013-11-11,23,26,28,31,34,2,10
2013-11-13,2,8,10,16,17,9,12
2013-11-16,2,13,19,23,32,2,9
2013-11-18,4,13,19,25,26,7,12
2013-11-20,5,11,15,25,28,5,11
2013-11-23,4,12,32,33,34,6,8
2013-11-25,3,8,13,17,24,7,9
2013-11-27,5,6,18,20,31,6,7
2013-11-30,1,12,17,26,28,1,6
2013-12-02,5,15,18,25,31,8,10
2013-12-04,6,11,25,28,29,4,12
2013-12-07,3,8,14,21,31,6,8
2013-12-09,3,20,21,23,35,2,8
2013-12-11,2,13,15,18,20,2,11
2013-12-14,6,7,15,25,31,1,9
2013-12-16,3,9,22,24,25,5,9
2013-12-18,2,5,9,29,32,3,7
2013-12-21,6,7,8,9,13,5,7
2013-12-23,6,7,14,18,22,8,11
2013-12-25,2,13,21,27,30,3,4
2013-12-28,9,12,14,18,19,3,9
2013-12-30,4,5,16,17,30,3,9
2014-01-01,5,13,20,23,29,8,11
2014-01-04,1,12,21,24,29,1,7
2014-01-06,7,11,13,21,33,5,6
2014-01-08,7,10,19,27,28,9,12
2014-01-11,15,17,18,29,33,4,8
2014-01-13,1,4,7,16,35,6,8
2014-01-15,8,11,14,21,32,3,11
2014-01-18,11,13,20,28,35,1,5
2014-01-20,10,18,25,29,33,7,8
2014-01-22,5,10,20,26,27,1,3
2014-01-25,4,6,14,24,35,7,12
2014-01-27,9,20,21,23,29,5,7
2014-01-29,10,11,13,22,28,4,12
2014-02-08,1,9,11,27,29,3,11
2014-02-10,4,6,18,20,30,5,7
2014-02-12,4,6,13,24,34,4,9
2014-02-15,5,10,11,23,34,1,10
2014-02-17,8,9,12,28,34,2,12
2014-02-19,7,12,22,29,32,11,12
2014-02-22,1,14,17,30,35,6,7
2014-02-24,6,10,17,23,24,3,9
2014-02-26,3,6,10,16,25,10,11
2014-03-01,4,13,15,29,33,5,9
2014-03-03,7,11,15,31,32,6,11
2014-03-05,19,20,27,32,34,6,8
2014-03-08,5,10,12,15,26,4,8
2014-03-10,9,10,24,28,29,10,12
2014-03-12,3,10,20,25,30,10,12
2014-03-15,3,21,22,23,35,5,9
2014-03-17,3,14,18,29,35,11,12
2014-03-19,6,15,27,32,33,3,4
2014-03-22,2,5,6,9,31,2,9
2014-03-24,1,7,8,28,29,4,8
2014-03-26,3,11,14,27,32,5,7
2014-03-29,9,12,14,28,29,3,10
2014-03-31,1,2,12,17,29,3,8
2014-04-02,3,4,8,19,34,2,4
2014-04-05,7,8,12,20,32,3,5
2014-04-07,2,5,11,15,20,8,11
2014-04-09,12,15,21,30,33,2,8
2014-04-12,5,7,11,15,18,5,12
2014-04-14,16,21,25,27,35,6,11
2014-04-16,1,11,23,29,30,1,12
2014-04-19,22,23,25,27,35,3,11
2014-04-21,6,10,12,16,30,2,11
2014-04-23,3,15,18,21,26,1,6
2014-04-26,6,17,18,30,34,6,12
2014-04-28,1,2,5,15,35,1,11
2014-04-30,3,15,17,22,31,3,5
2014-05-03,10,18,27,28,35,1,6
2014-05-05,1,7,11,29,30,3,11
2014-05-07,14,19,21,24,30,2,7
2014-05-10,2,11,17,27,30,3,4
2014-05-12,2,3,20,25,34,1,12
2014-05-14,4,23,26,27,35,10,11
2014-05-17,12,18,28,29,35,7,8
2014-05-19,8,10,20,27,33,1,9
2014-05-21,9,15,22,24,26,2,7
2014-05-24,7,15,17,25,29,4,11
2014-05-26,12,22,29,30,34,5,11
2014-05-28,4,11,17,20,29,6,10
2014-05-31,4,7,17,24,25,2,4
2014-06-02,11,17,21,23,34,3,4
2014-06-04,8,15,33,34,35,1,8
2014-06-07,7,12,19,31,33,7,12
2014-06-09,8,14,16,20,31,3,11
2014-06-11,3,18,23,24,31,3,7
2014-06-14,5,15,24,29,35,5,6
2014-06-16,16,22,27,29,31,2,9
2014-06-18,1,2,7,10,32,4,12
2014-06-21,4,14,15,22,23,1,7
2014-06-23,17,19,22,24,30,2,9
2014-06-25,4,5,7,13,35,5,6
2014-06-28,6,11,22,27,30,5,11
2014-06-30,5,7,29,32,35,4,10
2014-07-02,5,10,19,31,32,9,10
2014-07-05,9,16,26,31,32,1,5
2014-07-07,10,15,16,22,28,4,5
2014-07-09,9,10,20,31,32,6,10
2014-07-12,17,20,23,25,27,3,10
2014-07-14,3,5,8,10,25,9,12
2014-07-16,1,8,18,23,25,8,12
2014-07-19,18,20,24,33,35,5,10
2014-07-21,2,7,9,11,28,5,9
2014-07-23,6,12,13,25,29,11,12
2014-07-26,6,8,27,29,35,3,9
2014-07-28,4,7,31,33,35,9,10
2014-07-30,7,13,20,25,26,8,11
2014-08-02,2,8,12,29,30,7,12
2014-08-04,2,3,20,23,28,6,8
2014-08-06,10,16,18,29,32,2,7
2014-08-09,2,18,27,30,32,5,11
2014-08-11,3,8,30,32,34,9,11
2014-08-13,13,14,24,25,34,4,7
2014-08-16,6,22,30,31,34,5,6
2014-08-18,3,7,21,23,31,5,10
2014-08-20,3,15,20,21,23,7,9
2014-08-23,16,18,22,25,35,3,10
2014-08-25,15,21,22,23,33,1,7
2014-08-27,2,4,8,12,35,1,7
2014-08-30,9,10,12,17,28,3,11
2014-09-01,1,7,14,19,20,3,12
2014-09-03,14,20,23,25,26,10,12
2014-09-06,7,13,14,28,32,4,11
2014-09-08,4,10,26,29,32,4,8
2014-09-10,5,9,11,20,22,5,11
2014-09-13,5,13,14,21,34,8,10
2014-09-15,1,2,13,23,35,9,12
2014-09-17,15,18,20,21,23,1,2
2014-09-20,9,18,19,22,24,8,11
2014-09-22,11,16,18,20,29,3,4
2014-09-24,3,5,14,18,32,2,10
2014-09-27,2,13,17,19,23,1,6
2014-09-29,3,16,24,30,33,5,8
2014-10-01,1,5,26,29,30,2,10
2014-10-04,6,13,15,24,27,4,5
2014-10-06,3,14,17,18,33,6,9
2014-10-08,2,3,23,24,26,5,11
2014-10-11,4,8,9,13,18,8,12
2014-10-13,1,4,6,18,33,5,11
2014-10-15,13,16,18,22,32,8,10
2014-10-18,3,10,25,26,35,1,7
2014-10-20,1,9,12,22,25,2,9
2014-10-22,1,3,28,29,35,8,12
2014-10-25,12,15,19,23,31,4,10
2014-10-27,2,9,22,30,34,9,10
2014-10-29,2,4,6,15,19,2,11
2014-11-01,2,4,16,22,34,8,11
2014-11-03,7,22,28,30,32,5,6
2014-11-05,2,18,31,32,33,5,7
2014-11-08,3,16,19,23,27,3,7
2014-11-10,1,3,4,19,32,1,7
2014-11-12,2,8,12,14,18,4,12
2014-11-15,2,5,7,11,32,9,12
2014-11-17,20,26,28,30,35,9,12
2014-11-19,4,18,20,34,35,7,11
2014-11-22,2,11,16,22,34,2,5
2014-11-24,1,7,29,32,34,9,12
2014-11-26,3,5,7,15,34,1,10
2014-11-29,1,19,20,25,34,7,12
2014-12-01,4,17,20,26,29,5,8
2014-12-03,18,21,25,28,30,4,6
2014-12-06,1,11,14,18,25,6,10
2014-12-08,1,21,24,25,35,4,11
2014-12-10,15,19,22,24,26,10,11
2014-12-13,2,16,23,24,28,10,11
2014-12-15,5,9,14,26,34,2,9
2014-12-17,3,9,10,11,20,7,9
2014-12-20,2,13,19,26,35,1,5
2014-12-22,19,21,30,33,35,5,7
2014-12-24,3,8,26,31,32,8,12
2014-12-27,5,12,18,24,33,1,5
2014-12-29,1,8,13,24,32,5,10
2014-12-31,5,12,17,23,28,2,9
2015-01-03,8,9,19,27,30,6,7
2015-01-05,3,14,20,26,32,6,10
2015-01-07,12,19,27,28,34,1,12
2015-01-10,3,12,14,18,28,5,6
2015-01-12,11,14,15,18,19,7,8
2015-01-14,6,8,30,32,33,3,7
2015-01-17,2,7,8,14,31,4,8
2015-01-19,7,10,11,15,17,3,10
2015-01-21,17,22,26,27,33,6,10
2015-01-24,2,6,17,30,35,2,7
2015-01-26,4,13,22,25,30,1,6
2015-01-28,3,4,6,11,31,5,9
2015-01-31,11,15,25,28,35,7,10
2015-02-02,8,16,25,29,35,3,10
2015-02-04,1,5,13,17,32,4,11
2015-02-07,6,7,16,20,34,9,11
2015-02-09,7,13,16,17,29,1,7
2015-02-11,4,7,10,23,31,3,7
2015-02-14,2,8,16,22,24,1,3
2015-02-16,11,26,28,29,32,1,4
2015-02-25,22,23,24,26,31,5,6
2015-02-28,9,11,14,15,26,11,12
2015-03-02,6,9,11,12,22,3,11
2015-03-04,2,6,8,16,34,3,4
2015-03-07,7,10,20,22,27,10,11
2015-03-09,11,13,14,15,22,2,8
2015-03-11,5,21,22,25,28,3,10
2015-03-14,3,9,28,32,33,9,10
2015-03-16,7,10,19,30,35,3,5
2015-03-18,9,18,19,26,31,2,5
2015-03-21,7,21,29,32,33,4,12
2015-03-23,6,21,25,27,30,7,11
2015-03-25,3,17,22,26,28,3,7
2015-03-28,4,8,15,18,26,5,9
2015-03-30,22,24,29,30,35,1,10
2015-04-01,14,18,20,23,24,4,8
2015-04-04,10,16,21,28,31,7,8
2015-04-06,12,19,22,31,35,7,8
2015-04-08,3,6,7,16,25,1,6
2015-04-11,2,9,10,23,35,9,12
2015-04-13,1,11,21,23,28,1,10
2015-04-15,3,7,12,17,24,2,11
2015-04-18,2,20,22,25,29,2,7
2015-04-20,16,18,27,31,33,1,3
2015-04-22,8,9,22,29,30,8,12
2015-04-25,5,7,10,22,26,4,10
2015-04-27,1,2,17,23,31,5,12
2015-04-29,10,11,22,24,33,2,9
2015-05-02,8,9,11,15,22,8,10
2015-05-04,6,7,10,20,28,2,7
2015-05-06,1,2,11,16,21,1,5
2015-05-09,13,19,24,27,29,7,8
2015-05-11,8,25,28,29,32,4,7
2015-05-13,2,9,15,24,34,3,9
2015-05-16,6,11,14,20,30,5,10
2015-05-18,6,12,19,26,35,3,10
2015-05-20,1,5,7,14,26,4,6
2015-05-23,10,14,20,27,30,7,12
2015-05-25,7,9,19,23,32,1,3
2015-05-27,16,24,25,26,33,4,11
2015-05-30,6,7,8,16,22,2,10
2015-06-01,6,7,13,14,15,1,4
2015-06-03,1,4,6,34,35,2,4
2015-06-06,2,8,20,28,31,7,10
2015-06-08,4,5,7,13,35,8,11
2015-06-10,1,3,7,13,29,2,10
2015-06-13,4,10,18,24,27,4,11
2015-06-15,2,3,20,31,35,4,8
2015-06-17,2,9,11,22,25,1,7
2015-06-20,3,9,12,17,18,4,12
2015-06-22,4,6,13,16,34,4,10
2015-06-24,19,20,21,31,33,9,10
2015-06-27,9,26,27,30,34,1,6
2015-06-29,1,12,21,27,33,4,9
2015-07-01,13,14,26,27,33,10,12
2015-07-04,3,19,21,31,34,5,12
2015-07-06,1,16,17,22,28,2,9
2015-07-08,19,24,26,28,33,1,2
2015-07-11,1,9,17,23,24,4,5
2015-07-13,14,20,29,30,32,3,8
2015-07-15,3,4,10,13,17,5,9
2015-07-18,8,15,28,31,33,3,6
2015-07-20,14,16,19,25,29,10,12
2015-07-22,10,20,21,32,34,6,7
2015-07-25,2,3,4,6,16,3,12
2015-07-27,5,9,11,15,32,4,9
2015-07-29,2,5,15,17,22,1,11
2015-08-01,5,15,28,31,34,11,12
2015-08-03,5,12,18,20,27,10,12
2015-08-05,6,9,11,17,21,6,8
2015-08-08,2,7,28,29,30,3,7
2015-08-10,2,14,21,27,34,5,8
2015-08-12,16,17,25,26,27,2,4
2015-08-15,2,3,10,11,29,3,7
2015-08-17,8,14,26,34,35,5,10
2015-08-19,3,9,12,18,21,2,6
2015-08-22,4,16,17,26,27,1,4
2015-08-24,9,14,21,27,33,6,9
2015-08-26,9,12,14,22,25,5,10
2015-08-29,9,15,18,23,32,5,7
2015-08-31,6,12,17,18,32,7,12
2015-09-02,11,14,15,33,34,3,12
2015-09-05,7,9,15,25,34,4,10
2015-09-07,16,19,25,30,34,4,9
2015-09-09,8,9,15,21,27,5,9
2015-09-12,2,11,13,22,30,2,3
2015-09-14,3,23,25,28,29,6,7
2015-09-16,1,13,16,26,31,7,12
2015-09-19,1,6,11,22,31,3,12
2015-09-21,2,7,10,22,30,7,11
2015-09-23,7,8,16,24,28,3,10
2015-09-26,4,5,15,19,28,4,11
2015-09-28,1,14,21,29,33,2,10
2015-09-30,9,18,24,31,34,2,10
2015-10-03,8,12,13,14,16,3,9
2015-10-05,7,10,19,24,33,3,7
2015-10-07,6,17,20,30,33,10,11
2015-10-10,3,7,20,24,31,4,9
2015-10-12,1,8,12,16,21,6,11
2015-10-14,1,9,15,24,32,5,10
2015-10-17,2,4,17,27,28,4,6
2015-10-19,11,13,15,26,35,6,11
2015-10-21,4,15,27,29,30,2,10
2015-10-24,4,6,12,31,32,3,6
2015-10-26,2,3,15,17,28,8,10
2015-10-28,4,5,8,9,21,3,6
2015-10-31,9,11,14,19,30,3,8
2015-11-02,10,12,23,30,32,3,4
2015-11-04,1,6,23,25,29,3,9
2015-11-07,17,25,31,32,34,2,12
2015-11-09,11,17,19,20,27,2,3
2015-11-11,3,8,14,18,27,1,5
2015-11-14,3,7,8,25,30,4,8
2015-11-16,1,2,6,15,35,4,7
2015-11-18,5,16,20,25,29,6,8
2015-11-21,5,20,23,29,32,2,10
2015-11-23,14,17,21,23,26,8,11
2015-11-25,1,16,20,29,32,4,7
2015-11-28,2,3,5,25,32,5,7
2015-11-30,1,11,15,26,35,6,11
2015-12-02,2,4,15,19,31,2,3
2015-12-05,12,14,22,26,30,3,6
2015-12-07,9,20,31,33,35,10,11
2015-12-09,1,9,24,26,29,6,11
2015-12-12,6,7,20,29,32,11,12
2015-12-14,4,15,19,27,31,4,11
2015-12-16,1,2,13,18,19,8,10
2015-12-19,8,11,27,31,33,8,9
2015-12-21,4,6,10,12,28,2,8
2015-12-23,4,13,18,25,33,3,7
2015-12-26,15,16,18,30,35,1,7
2015-12-28,4,5,22,29,35,2,11
2015-12-30,1,7,22,27,33,2,11
2016-01-02,1,7,19,20,30,5,10
2016-01-04,7,12,18,25,35,7,9
2016-01-06,4,12,17,22,26,6,7
2016-01-09,10,20,23,32,35,9,10
2016-01-11,6,9,12,15,20,8,11
2016-01-13,14,16,17,22,24,2,9
2016-01-16,2,5,14,32,35,1,3
2016-01-18,5,12,31,34,35,4,5
2016-01-20,5,8,10,17,20,2,12
2016-01-23,12,13,15,16,28,2,5
2016-01-25,2,8,10,15,23,5,10
2016-01-27,5,7,11,23,28,3,12
2016-01-30,3,21,23,31,35,2,11
2016-02-01,6,8,21,24,27,2,10
2016-02-03,1,4,10,13,30,3,9
2016-02-06,3,10,22,29,32,2,5
2016-02-15,11,18,24,28,29,5,10
2016-02-17,5,10,13,27,33,8,11
2016-02-20,4,11,15,20,26,8,9
2016-02-22,1,16,22,29,30,2,9
2016-02-24,1,4,9,10,35,9,11
2016-02-27,4,18,21,30,35,2,11
2016-02-29,4,9,14,25,27,6,11
2016-03-02,1,2,11,15,18,4,8
2016-03-05,3,6,13,23,24,7,10
2016-03-07,2,6,29,30,34,1,7
2016-03-09,6,11,13,15,28,2,6
2016-03-12,13,18,20,23,31,3,6
2016-03-14,20,26,27,29,32,5,12
2016-03-16,10,19,21,29,33,4,6
2016-03-19,3,14,24,27,29,4,11
2016-03-21,5,9,14,20,33,5,12
2016-03-23,3,14,15,31,35,9,10
2016-03-26,14,18,31,32,35,9,10
2016-03-28,17,22,24,25,29,9,12
2016-03-30,7,15,26,30,31,3,6
2016-04-02,3,5,13,24,34,3,5
2016-04-04,3,7,9,15,33,5,12
2016-04-06,1,8,16,22,28,4,5
2016-04-09,20,22,29,30,35,1,6
2016-04-11,12,23,24,27,34,3,6
2016-04-13,2,6,8,19,24,1,6
2016-04-16,1,9,16,33,34,9,12
2016-04-18,1,6,10,20,31,5,11
2016-04-20,7,11,25,30,33,2,8
2016-04-23,3,19,22,32,34,8,12
2016-04-25,2,3,23,29,32,5,9
2016-04-27,4,12,17,25,27,4,10
2016-04-30,3,4,5,27,33,4,9
2016-05-02,7,17,21,29,35,4,5
2016-05-04,16,21,23,24,32,7,8
2016-05-07,8,14,19,20,33,10,11
2016-05-09,4,13,15,30,35,3,5
2016-05-11,2,5,9,21,30,6,7
2016-05-14,6,21,27,30,34,4,9
2016-05-16,10,12,14,31,35,4,5
2016-05-18,8,17,19,23,30,3,8
2016-05-21,2,15,17,23,28,5,9
2016-05-23,2,10,27,28,33,5,7
2016-05-25,2,6,22,27,34,8,11
2016-05-28,9,15,17,21,23,7,12
2016-05-30,2,10,14,15,35,1,9
2016-06-01,8,12,22,27,35,5,9
2016-06-04,1,2,10,18,35,5,11
2016-06-06,1,9,18,22,24,11,12
2016-06-08,10,28,29,31,33,5,11
2016-06-11,2,8,11,13,19,2,8
2016-06-13,5,7,22,26,34,7,12
2016-06-15,14,17,19,23,30,2,9
2016-06-18,2,9,13,19,23,5,7
2016-06-20,8,15,19,20,33,7,12
2016-06-22,16,20,24,26,31,4,9
2016-06-25,7,14,17,24,27,8,10
2016-06-27,1,5,7,11,14,3,8
2016-06-29,3,7,17,22,31,8,12
2016-07-02,3,8,10,17,31,5,6
2016-07-04,9,11,14,16,35,2,5
2016-07-06,7,18,29,31,35,5,11
2016-07-09,7,14,15,20,27,5,10
2016-07-11,15,20,29,30,33,7,12
2016-07-13,6,7,18,21,33,3,8
2016-07-16,3,8,23,28,29,2,7
2016-07-18,1,5,9,33,35,1,5
2016-07-20,8,12,15,26,35,1,8
2016-07-23,14,15,27,31,32,1,7
2016-07-25,3,5,22,25,30,7,9
2016-07-27,3,16,17,23,25,7,9
2016-07-30,4,6,17,21,30,6,11
2016-08-01,7,14,17,28,34,7,10
2016-08-03,4,6,8,28,32,7,12
2016-08-06,8,13,17,21,22,2,8
2016-08-08,2,13,31,33,34,7,11
2016-08-10,1,8,14,30,35,6,7
2016-08-13,1,14,16,17,18,5,7
2016-08-15,8,12,18,19,21,3,6
2016-08-17,1,6,8,12,21,5,10
2016-08-20,6,8,18,31,33,10,12
2016-08-22,8,9,11,20,29,4,5
2016-08-24,3,4,12,14,27,1,5
2016-08-27,8,12,19,26,30,2,12
2016-08-29,4,6,28,33,35,7,12
2016-08-31,3,5,6,34,35,3,12
2016-09-03,5,14,20,23,29,3,11
2016-09-05,1,20,22,23,30,6,7
2016-09-07,8,11,31,34,35,1,2
2016-09-10,3,21,30,33,35,1,4
2016-09-12,2,6,19,24,26,4,6
2016-09-14,10,17,22,23,25,7,9
2016-09-17,3,25,28,31,34,11,12
2016-09-19,7,20,21,23,30,7,10
2016-09-21,4,9,22,26,27,2,12
2016-09-24,7,22,23,31,32,4,5
2016-09-26,10,11,17,30,34,3,12
2016-09-28,16,17,20,32,33,3,7
2016-10-01,1,4,15,31,34,2,11
2016-10-03,4,6,8,19,34,10,12
2016-10-05,3,9,14,16,23,2,9
2016-10-08,12,15,18,24,29,3,11
2016-10-10,2,3,9,21,22,5,10
2016-10-12,3,10,20,32,34,4,7
2016-10-15,4,5,8,15,20,1,6
2016-10-17,1,3,12,14,29,2,6
2016-10-19,4,5,13,20,32,1,10
2016-10-22,4,13,24,26,29,8,11
2016-10-24,6,7,8,28,30,1,2
2016-10-26,11,13,16,19,24,6,8
2016-10-29,1,5,15,24,26,9,10
2016-10-31,17,20,22,30,33,7,8
2016-11-02,7,8,19,30,35,8,9
2016-11-05,11,23,32,33,34,1,12
2016-11-07,6,13,25,28,30,2,7
2016-11-09,4,18,19,22,35,1,2
2016-11-12,1,4,5,23,28,5,9
2016-11-14,1,3,31,32,34,2,7
2016-11-16,1,10,12,18,35,1,12
2016-11-19,5,6,7,19,23,4,11
2016-11-21,7,20,23,29,34,2,10
2016-11-23,12,13,16,29,35,5,11
2016-11-26,13,21,30,31,35,1,8
2016-11-28,12,16,23,29,34,4,11
2016-11-30,2,6,7,19,28,11,12
2016-12-03,1,6,17,23,26,6,12
2016-12-05,4,6,22,27,31,6,7
2016-12-07,4,5,13,22,31,5,10
2016-12-10,1,9,11,17,28,3,8
2016-12-12,21,22,25,29,34,1,11
2016-12-14,7,19,20,28,30,4,12
2016-12-17,5,14,15,23,25,6,8
2016-12-19,1,2,3,12,33,4,9
2016-12-21,1,10,18,24,29,7,10
2016-12-24,4,7,11,14,21,5,12
2016-12-26,8,17,22,24,30,5,11
2016-12-28,13,18,25,29,35,3,11
2016-12-31,6,16,17,21,29,4,6
2017-01-02,7,9,20,31,33,8,10
2017-01-04,7,12,14,31,34,9,11
2017-01-07,3,5,6,13,22,9,12
2017-01-09,5,8,11,28,31,6,7
2017-01-11,5,9,20,26,35,2,11
2017-01-14,4,6,23,32,33,5,6
2017-01-16,8,11,17,25,27,2,4
2017-01-18,3,4,9,25,32,2,4
2017-01-21,5,6,8,12,22,3,4
2017-01-23,4,10,13,18,35,1,2
2017-01-25,5,15,21,29,34,6,9
2017-02-04,4,5,24,26,35,7,12
2017-02-06,5,12,17,30,34,11,12
2017-02-08,4,8,15,24,25,2,5
2017-02-11,1,7,19,27,34,1,2
2017-02-13,3,13,28,30,33,9,10
2017-02-15,4,19,24,26,29,4,6
2017-02-18,6,7,10,17,23,1,9
2017-02-20,2,6,14,23,25,2,10
2017-02-22,16,21,24,27,28,4,7
2017-02-25,1,15,17,20,26,6,8
2017-02-27,2,3,9,17,24,6,12
2017-03-01,5,8,12,24,34,7,10
2017-03-04,21,23,29,32,35,11,12
2017-03-06,10,16,19,20,34,4,5
2017-03-08,10,14,19,25,32,2,7
2017-03-11,8,17,25,33,34,3,11
2017-03-13,6,18,22,23,33,9,11
2017-03-15,1,6,14,17,29,1,11
2017-03-18,21,22,24,29,34,5,6
2017-03-20,2,16,17,30,32,2,9
2017-03-22,2,13,14,18,29,3,9
2017-03-25,15,22,23,25,34,5,11
2017-03-27,6,12,21,26,29,2,11
2017-03-29,14,17,22,30,33,7,12
2017-04-01,1,4,9,18,33,2,5
2017-04-03,13,15,16,32,34,6,11
2017-04-05,4,5,13,18,27,3,9
2017-04-08,5,6,14,17,26,3,8
2017-04-10,4,6,10,23,29,9,11
2017-04-12,2,4,6,25,31,5,9
2017-04-15,2,17,31,33,34,1,7
2017-04-17,6,13,22,25,35,9,12
2017-04-19,11,16,17,18,25,2,9
2017-04-22,1,8,11,21,35,9,12
2017-04-24,4,17,20,23,30,2,3
2017-04-26,15,19,32,33,34,9,12
2017-04-29,7,9,13,15,19,3,10
2017-05-01,9,12,14,22,31,5,8
2017-05-03,12,14,17,20,28,2,6
2017-05-06,14,17,18,22,29,10,11
2017-05-08,3,19,24,28,33,4,12
2017-05-10,6,19,20,22,26,1,11
2017-05-13,16,29,30,32,33,4,5
2017-05-15,19,20,22,30,33,3,9
2017-05-17,1,4,24,27,32,3,10
2017-05-20,12,16,19,23,24,2,5
2017-05-22,14,18,20,21,28,3,6
2017-05-24,8,11,13,15,17,3,10
2017-05-27,9,15,20,26,31,5,12
2017-05-29,10,19,23,25,30,2,4
2017-05-31,1,4,6,8,28,8,12
2017-06-03,18,21,22,24,29,5,11
2017-06-05,1,8,20,27,30,3,4
2017-06-07,5,11,12,19,28,5,12
2017-06-10,11,15,23,26,30,2,11
2017-06-12,10,17,18,32,35,10,11
2017-06-14,7,8,19,24,27,6,7
2017-06-17,10,16,20,23,32,8,11
2017-06-19,6,16,18,26,30,2,3
2017-06-21,1,4,11,14,33,5,7
2017-06-24,1,3,29,32,34,2,5
2017-06-26,7,18,28,31,33,1,2
2017-06-28,8,10,11,13,17,8,11
2017-07-01,5,11,16,18,35,1,6
2017-07-03,2,7,25,30,35,7,12
2017-07-05,1,3,4,25,31,6,9
2017-07-08,4,5,27,31,34,3,6
2017-07-10,1,17,19,32,33,2,11
2017-07-12,8,10,21,30,31,2,5
2017-07-15,2,12,15,20,34,1,6
2017-07-17,5,13,20,21,25,8,9
2017-07-19,2,5,14,22,34,3,9
2017-07-22,6,11,14,21,31,9,12
2017-07-24,9,13,14,25,30,2,5
2017-07-26,12,15,18,22,31,1,8
2017-07-29,3,14,21,29,35,2,6
2017-07-31,5,28,31,34,35,8,9
2017-08-02,3,5,6,15,18,3,10
2017-08-05,3,6,15,22,35,9,11
2017-08-07,1,5,7,16,19,3,12
2017-08-09,3,7,9,17,34,4,5
2017-08-12,5,6,17,21,29,2,4
2017-08-14,3,5,8,29,33,4,8
2017-08-16,15,32,33,34,35,3,12
2017-08-19,3,7,9,17,28,4,12
2017-08-21,7,14,19,22,34,7,12
2017-08-23,6,9,17,30,35,10,11
2017-08-26,8,9,17,18,24,3,7
2017-08-28,2,5,18,19,31,1,9
2017-08-30,5,15,21,25,29,5,8
2017-09-02,1,12,23,24,29,8,12
2017-09-04,4,19,20,24,29,3,4
2017-09-06,9,11,22,27,30,9,11
2017-09-09,4,15,22,24,32,2,9
2017-09-11,9,12,18,23,29,2,4
2017-09-13,4,10,19,25,27,6,12
2017-09-16,1,4,15,21,22,4,9
2017-09-18,6,9,19,26,34,5,7
2017-09-20,10,14,20,21,35,2,5
2017-09-23,2,14,17,26,34,8,12
2017-09-25,5,6,20,31,32,6,12
2017-09-27,5,8,17,18,23,4,12
2017-09-30,6,7,12,18,23,1,12
2017-10-02,14,19,20,25,31,6,8
2017-10-04,2,27,30,32,33,1,3
2017-10-07,5,7,9,24,32,8,10
2017-10-09,2,7,16,20,33,3,11
2017-10-11,5,7,13,29,35,3,8
2017-10-14,8,15,24,26,27,5,6
2017-10-16,1,6,12,26,31,1,7
2017-10-18,3,12,18,29,34,3,11
2017-10-21,3,15,23,26,32,1,12
2017-10-23,3,29,30,32,35,3,8
2017-10-25,7,11,18,26,28,4,5
2017-10-28,3,4,13,24,33,1,11
2017-10-30,2,15,18,21,22,3,10
2017-11-01,9,11,13,18,33,2,3
2017-11-04,5,17,20,32,33,4,9
2017-11-06,5,18,28,33,34,3,4
2017-11-08,3,5,8,19,34,1,12
2017-11-11,11,17,23,26,27,1,10
2017-11-13,15,17,19,32,33,1,3
2017-11-15,7,18,19,32,34,2,10
2017-11-18,1,12,15,19,22,2,4
2017-11-20,1,11,20,21,22,3,4
2017-11-22,1,20,22,28,29,5,7
2017-11-25,4,7,9,20,25,2,11
2017-11-27,2,6,19,25,32,9,12
2017-11-29,10,16,25,26,29,1,5
2017-12-02,2,8,21,22,29,3,5
2017-12-04,1,5,16,19,28,2,10
2017-12-06,6,9,24,29,32,2,7
2017-12-09,3,21,23,29,32,10,11
2017-12-11,4,7,17,18,19,3,10
2017-12-13,1,5,11,14,35,9,10
2017-12-16,5,16,17,25,34,1,11
2017-12-18,19,27,31,32,35,11,12
2017-12-20,10,18,19,25,26,4,12
2017-12-23,3,6,10,13,18,9,11
2017-12-25,5,6,23,28,32,4,5
2017-12-27,2,4,7,23,28,2,8
2017-12-30,1,9,24,26,34,9,12
2018-01-01,1,13,22,25,35,3,4
2018-01-03,12,20,23,27,34,1,6
2018-01-06,4,21,23,24,30,9,10
2018-01-08,4,9,22,28,30,1,10
2018-01-10,4,9,23,24,30,8,11
2018-01-13,19,20,30,32,33,3,5
2018-01-15,3,4,28,31,34,4,11
2018-01-17,9,15,17,20,22,10,11
2018-01-20,10,12,28,30,34,3,4
2018-01-22,24,25,26,28,29,4,12
2018-01-24,3,13,15,23,26,1,10
2018-01-27,3,22,24,29,34,7,11
2018-01-29,8,24,31,33,35,7,10
2018-01-31,14,16,18,24,31,1,8
2018-02-03,4,13,15,18,29,5,11
2018-02-05,1,2,12,13,23,9,12
2018-02-07,4,19,21,23,31,4,9
2018-02-10,6,8,13,24,28,6,12
2018-02-12,10,11,19,21,28,5,12
2018-02-14,1,10,13,14,21,9,12
2018-02-24,5,6,8,9,15,4,11
2018-02-26,2,10,19,33,35,5,6
2018-02-28,12,13,18,21,29,2,8
2018-03-03,2,16,24,30,32,4,7
2018-03-05,7,8,9,15,34,7,8
2018-03-07,1,2,3,4,30,3,5
2018-03-10,1,18,20,21,26,4,11
2018-03-12,4,19,25,30,35,4,7
2018-03-14,3,9,21,25,29,1,8
2018-03-17,5,18,21,28,32,9,11
2018-03-19,3,8,13,17,23,5,11
2018-03-21,7,10,17,32,35,5,12
2018-03-24,2,3,19,23,34,4,9
2018-03-26,8,11,22,27,32,3,7
2018-03-28,5,7,10,12,24,7,11
2018-03-31,11,17,18,21,27,7,8
2018-04-02,1,3,27,30,31,2,11
2018-04-04,14,23,25,31,32,1,3
2018-04-07,2,7,14,29,32,10,11
2018-04-09,5,7,18,27,31,1,8
2018-04-11,1,23,25,31,33,1,12
2018-04-14,3,19,25,29,35,5,9
2018-04-16,3,6,13,28,33,4,11
2018-04-18,2,4,6,18,21,5,8
2018-04-21,2,5,20,30,35,5,9
2018-04-23,10,20,22,29,32,5,10
2018-04-25,3,8,10,14,20,4,8
2018-04-28,2,3,11,20,25,2,7
2018-04-30,4,7,9,10,13,6,12
2018-05-02,22,24,26,34,35,6,12
2018-05-05,9,18,28,29,35,3,11
2018-05-07,5,16,18,19,25,2,7
2018-05-09,11,16,21,23,25,2,12
2018-05-12,9,10,12,20,30,1,7
2018-05-14,3,7,20,33,34,9,10
2018-05-16,2,4,16,28,34,5,7
2018-05-19,13,19,22,27,28,5,6
2018-05-21,9,11,12,26,32,4,10
2018-05-23,1,9,10,27,35,6,11
2018-05-26,4,22,27,29,31,2,10
2018-05-28,4,10,12,28,31,8,11
2018-05-30,12,14,19,23,35,2,7
2018-06-02,5,14,15,32,34,3,10
2018-06-04,1,3,4,11,29,2,4
2018-06-06,7,10,28,31,32,8,10
2018-06-09,1,20,23,32,33,1,4
2018-06-11,3,7,12,18,31,7,10
2018-06-13,8,12,16,26,33,5,6
2018-06-16,1,8,13,21,24,2,11
2018-06-18,2,5,10,16,30,4,7
2018-06-20,2,5,23,30,31,3,9
2018-06-23,5,12,17,24,26,1,2
2018-06-25,13,19,24,25,29,2,8
2018-06-27,3,9,12,28,30,4,12
2018-06-30,1,6,12,20,34,4,12
2018-07-02,7,18,28,29,32,6,8
2018-07-04,1,6,9,15,26,8,9
2018-07-07,7,11,12,22,30,3,6
2018-07-09,3,4,10,27,29,1,5
2018-07-11,7,16,24,26,31,10,11
2018-07-14,2,10,13,21,35,1,12
2018-07-16,1,2,14,17,18,8,10
2018-07-18,7,12,25,27,28,10,11
2018-07-21,6,11,17,22,35,11,12
2018-07-23,1,2,14,25,31,5,7
2018-07-25,16,22,24,29,31,4,5
2018-07-28,3,14,19,23,25,1,4
2018-07-30,8,9,21,25,33,1,8
2018-08-01,26,27,28,32,34,6,10
2018-08-04,6,20,24,33,34,4,11
2018-08-06,6,22,26,28,31,1,7
2018-08-08,5,7,14,18,19,4,10
2018-08-11,3,11,16,18,33,3,11
2018-08-13,11,16,25,30,34,8,10
2018-08-15,7,14,18,29,35,5,12
2018-08-18,13,14,20,28,34,6,10
2018-08-20,10,12,14,18,23,1,4
2018-08-22,2,15,18,25,27,5,7
2018-08-25,12,13,16,20,21,1,7
2018-08-27,6,20,21,26,30,6,9
2018-08-29,3,14,15,23,29,4,5
2018-09-01,6,7,13,22,24,10,12
2018-09-03,14,24,26,28,35,2,3
2018-09-05,1,13,14,26,28,7,11
2018-09-08,1,16,19,20,31,2,7
2018-09-10,4,14,17,24,31,1,4
2018-09-12,7,8,9,10,22,3,4
2018-09-15,9,10,24,31,32,7,12
2018-09-17,10,16,23,25,34,2,5
2018-09-19,6,19,21,27,28,3,11
2018-09-22,3,16,27,28,32,4,5
2018-09-24,3,7,8,9,29,9,10
2018-09-26,8,12,27,31,33,4,8
2018-09-29,12,18,26,28,29,5,6
2018-10-01,2,6,13,18,25,1,2
2018-10-03,1,14,17,21,33,7,10
2018-10-06,7,11,13,22,29,3,8
2018-10-08,4,5,14,21,34,6,9
2018-10-10,6,9,11,16,35,2,5
2018-10-13,21,22,25,27,30,8,9
2018-10-15,6,7,21,29,30,1,10
2018-10-17,8,9,21,30,31,5,12
2018-10-20,6,9,29,32,35,2,4
2018-10-22,8,10,12,19,20,10,11
2018-10-24,7,16,20,21,34,4,6
2018-10-27,11,13,15,21,27,5,6
2018-10-29,1,3,4,11,29,8,12
2018-10-31,11,12,14,16,26,8,9
2018-11-03,4,7,21,22,29,3,6
2018-11-05,3,4,16,18,25,1,11
2018-11-07,12,14,21,32,33,2,11
2018-11-10,3,16,22,23,27,1,4
2018-11-12,8,12,14,15,19,1,10
2018-11-14,4,5,19,31,35,2,12
2018-11-17,14,19,23,27,34,6,12
2018-11-19,3,11,12,19,21,5,11
2018-11-21,7,10,22,23,33,8,11
2018-11-24,1,23,24,28,33,4,5
2018-11-26,5,11,16,28,35,6,9
2018-11-28,1,6,8,12,15,3,4
2018-12-01,3,7,23,26,33,4,9
2018-12-03,19,24,28,29,34,10,11
2018-12-05,4,7,20,22,33,1,2
2018-12-08,6,17,18,24,31,7,11
2018-12-10,9,18,29,31,33,6,11
2018-12-12,3,8,9,13,33,1,2
2018-12-15,1,11,26,33,35,2,10
2018-12-17,2,6,24,33,34,2,3
2018-12-19,1,7,10,11,20,3,6
2018-12-22,5,12,13,31,34,10,12
2018-12-24,4,8,18,29,30,3,7
2018-12-26,2,4,5,12,28,8,11
2018-12-29,3,6,7,8,21,1,8
2018-12-31,14,22,23,26,30,3,5
2019-01-02,6,18,23,26,28,3,12
2019-01-05,2,7,14,22,31,1,7
2019-01-07,4,8,18,20,32,10,12
2019-01-09,15,16,17,31,32,3,9
2019-01-12,21,26,27,29,34,5,6
2019-01-14,14,17,19,25,30,4,8
2019-01-16,3,12,16,29,32,1,5
2019-01-19,3,8,17,20,24,6,11
2019-01-21,3,9,15,18,26,6,12
2019-01-23,3,7,24,25,27,2,12
2019-01-26,4,12,13,16,17,4,9
2019-01-28,5,9,17,18,19,7,10
2019-01-30,8,10,15,17,18,1,8
2019-02-02,12,14,20,28,31,9,11
2019-02-11,2,5,10,13,30,4,6
2019-02-13,3,5,13,16,28,2,6
2019-02-16,1,5,7,22,25,3,4
2019-02-18,3,18,19,26,34,6,12
2019-02-20,4,11,19,25,32,1,2
2019-02-23,1,8,16,27,34,3,12
2019-02-25,7,13,17,24,33,1,10
2019-02-27,1,4,14,15,21,1,5
2019-03-02,1,3,14,26,30,6,11
2019-03-04,11,17,19,29,33,8,9
2019-03-06,6,13,16,19,29,3,7
2019-03-09,10,12,15,17,19,2,3
2019-03-11,16,18,24,25,27,2,7
2019-03-13,6,22,28,29,33,2,7
2019-03-16,1,4,18,24,28,2,3
2019-03-18,7,9,13,14,33,2,4
2019-03-20,3,8,21,26,33,4,5
2019-03-23,1,4,7,11,30,7,8
2019-03-25,1,2,4,16,24,7,9
2019-03-27,8,12,15,27,30,1,2
2019-03-30,1,3,5,7,18,8,9
2019-04-01,3,9,21,28,30,1,12
2019-04-03,6,16,26,33,35,4,8
2019-04-06,5,11,16,18,27,7,12
2019-04-08,1,12,18,26,35,6,12
2019-04-10,1,3,31,32,34,1,3
2019-04-13,12,19,20,22,28,2,6
2019-04-15,4,10,13,28,33,11,12
2019-04-17,2,6,7,12,15,6,12
2019-04-20,3,6,10,12,31,1,2
2019-04-22,1,4,16,19,33,3,12
2019-04-24,2,8,14,15,35,10,12
2019-04-27,3,4,10,16,32,4,9
2019-04-29,6,10,16,29,33,5,11
2019-05-01,10,16,22,26,27,7,11
2019-05-04,4,15,16,20,35,3,12
2019-05-06,11,15,16,20,29,4,8
2019-05-08,4,10,15,20,24,7,11
2019-05-11,1,11,19,26,35,11,12
2019-05-13,2,18,23,27,30,5,10
2019-05-15,2,4,6,19,22,2,6
2019-05-18,1,7,10,12,23,6,8
2019-05-20,8,14,16,34,35,6,12
2019-05-22,3,10,13,14,32,7,11
2019-05-25,7,8,15,27,32,8,12
2019-05-27,1,11,12,18,21,8,10
2019-05-29,1,2,13,14,26,5,11
2019-06-01,5,16,23,25,28,1,12
2019-06-03,5,8,15,18,21,4,8
2019-06-05,7,8,13,19,29,11,12
2019-06-08,3,8,10,23,27,2,12
2019-06-10,4,10,11,18,31,5,8
2019-06-12,3,8,11,15,16,2,10
2019-06-15,4,5,8,17,27,6,11
2019-06-17,8,22,23,33,34,4,6
2019-06-19,2,13,15,22,34,2,12
2019-06-22,7,13,14,15,22,7,11
2019-06-24,2,4,6,9,18,7,10
2019-06-26,4,11,19,20,24,8,11
2019-06-29,8,9,13,14,34,5,7
2019-07-01,5,6,7,11,16,2,11
2019-07-03,1,6,11,23,29,1,11
2019-07-06,1,15,17,21,33,7,10
2019-07-08,5,10,21,26,30,1,7
2019-07-10,10,13,16,28,35,4,5
2019-07-13,5,13,18,19,24,2,7
2019-07-15,6,24,26,30,33,2,7
2019-07-17,6,18,20,21,31,3,4
2019-07-20,17,24,26,28,32,7,9
2019-07-22,12,23,25,34,35,1,7
2019-07-24,4,5,6,15,26,8,11
2019-07-27,5,15,16,28,31,2,7
2019-07-29,5,6,18,19,27,7,12
2019-07-31,1,5,18,27,33,6,8
2019-08-03,9,14,18,33,34,3,12
2019-08-05,13,19,28,30,33,2,12
2019-08-07,4,13,20,26,28,3,12
2019-08-10,2,11,15,27,30,2,5
2019-08-12,16,17,26,29,35,1,7
2019-08-14,1,12,14,26,27,7,9
2019-08-17,3,12,17,19,31,2,6
2019-08-19,2,12,22,23,27,2,6
2019-08-21,10,17,20,30,35,10,12
2019-08-24,13,15,17,19,22,3,4
2019-08-26,4,6,18,27,33,7,9
2019-08-28,5,8,12,19,21,6,11
2019-08-31,5,11,18,19,27,5,6
2019-09-02,5,10,15,19,31,3,6
2019-09-04,5,12,22,27,32,4,7
2019-09-07,2,7,19,22,28,3,5
2019-09-09,1,4,9,14,17,1,6
2019-09-11,5,8,10,32,35,2,10
2019-09-14,5,9,19,27,35,2,3
2019-09-16,24,27,28,31,34,4,8
2019-09-18,2,7,8,20,25,11,12
2019-09-21,1,19,23,24,30,4,5
2019-09-23,6,15,20,23,27,8,10
2019-09-25,3,10,16,21,33,5,6
2019-09-28,3,11,27,34,35,1,2
2019-09-30,3,5,7,20,23,4,11
2019-10-09,1,18,21,28,32,5,12
2019-10-12,2,10,16,21,23,2,12
2019-10-14,1,18,21,25,35,7,8
2019-10-16,2,3,13,19,26,2,3
2019-10-19,3,6,9,23,34,2,11
2019-10-21,6,15,17,22,25,1,9
2019-10-23,1,2,3,7,17,4,10
2019-10-26,5,19,25,31,33,10,11
2019-10-28,3,13,15,26,30,5,12
2019-10-30,7,17,26,27,30,6,12
2019-11-02,5,8,9,14,34,2,5
2019-11-04,5,9,16,18,30,4,7
2019-11-06,4,7,8,11,16,9,11
2019-11-09,20,21,25,34,35,3,12
2019-11-11,10,13,18,23,30,6,12
2019-11-13,1,13,20,21,26,4,10
2019-11-16,5,6,14,27,29,6,10
2019-11-18,3,5,6,13,18,10,12
2019-11-20,3,12,24,27,34,1,12
2019-11-23,5,6,7,14,17,10,11
2019-11-25,4,5,19,25,26,1,11
2019-11-27,3,16,20,26,29,3,9
2019-11-30,3,5,12,13,26,7,12
2019-12-02,4,6,7,20,29,2,4
2019-12-04,1,5,7,8,11,6,10
2019-12-07,3,7,8,25,27,3,5
2019-12-09,2,10,20,21,35,1,12
2019-12-11,3,4,26,29,33,6,7
2019-12-14,4,22,23,24,32,6,12
2019-12-16,2,5,20,28,31,2,11
2019-12-18,5,9,19,22,32,3,5
2019-12-21,10,11,26,33,34,1,6
2019-12-23,9,12,19,22,33,7,8
2019-12-25,3,4,7,11,30,8,9
2019-12-28,1,2,7,33,35,6,10
2019-12-30,7,11,12,16,33,5,7
2020-01-01,17,25,26,32,34,4,7
2020-01-04,3,7,18,25,30,2,7
2020-01-06,23,25,26,30,34,3,7
2020-01-08,17,20,21,29,30,5,9
2020-01-11,6,10,33,34,35,1,3
2020-01-13,9,22,25,31,32,8,12
2020-01-15,2,10,19,24,30,5,8
2020-01-18,14,17,19,24,32,1,6
2020-01-20,19,29,31,34,35,6,10
2020-03-14,1,8,13,24,32,2,9
2020-03-16,2,13,19,22,23,2,7
2020-03-18,1,6,18,32,34,1,3
2020-03-21,1,4,5,11,35,3,9
2020-03-23,3,7,9,17,21,3,6
2020-03-25,1,7,23,24,26,3,7
2020-03-28,4,8,19,31,35,1,2
2020-03-30,1,6,7,9,10,2,11
2020-04-01,9,14,16,24,26,4,12
2020-04-04,1,12,22,23,33,1,12
2020-04-06,8,10,12,26,32,5,9
2020-04-08,10,12,24,31,33,4,9
2020-04-11,4,14,20,28,35,2,3
2020-04-13,4,11,23,26,30,1,6
2020-04-15,3,5,6,24,30,3,7
2020-04-18,2,14,21,22,26,5,7
2020-04-20,3,15,26,32,34,8,12
2020-04-22,4,7,20,25,32,3,9
2020-04-25,4,5,28,34,35,1,8
2020-04-27,11,14,17,22,30,7,9
2020-04-29,1,8,17,27,30,5,6
2020-05-02,1,2,5,15,21,4,5
2020-05-04,2,3,9,16,32,3,4
2020-05-06,7,19,20,31,34,5,8
2020-05-09,11,13,20,27,31,2,4
2020-05-11,10,11,22,26,28,2,4
2020-05-13,1,5,11,12,26,2,7
2020-05-16,1,4,10,11,14,2,5
2020-05-18,4,15,20,22,24,1,9
2020-05-20,1,5,15,22,31,2,9
2020-05-23,2,17,20,28,29,1,7
2020-05-25,7,13,20,29,34,4,7
2020-05-27,3,4,5,11,22,5,6
2020-05-30,12,13,17,31,32,1,6
2020-06-01,1,3,22,28,30,2,5
2020-06-03,2,9,16,23,27,3,8
2020-06-06,15,24,27,30,34,4,12
2020-06-08,4,18,27,28,30,3,10
2020-06-10,3,9,10,15,16,7,9
2020-06-13,3,11,15,22,30,8,10
2020-06-15,3,14,16,22,34,2,6
2020-06-17,2,7,9,19,33,1,7
2020-06-20,9,11,26,28,35,6,7
2020-06-22,2,15,18,21,27,3,6
2020-06-24,11,14,15,19,20,3,7
2020-06-27,3,4,12,18,34,10,12
2020-06-29,3,11,25,29,34,3,6
2020-07-01,17,20,21,22,31,2,8
2020-07-04,1,15,19,26,27,5,10
2020-07-06,1,15,22,28,32,3,11
2020-07-08,12,14,25,34,35,3,12
2020-07-11,7,8,12,21,26,1,6
2020-07-13,1,5,14,23,31,2,7
2020-07-15,11,18,20,21,33,6,7
2020-07-18,5,10,23,34,35,1,11
2020-07-20,13,15,26,32,33,5,7
2020-07-22,6,14,21,34,35,3,10
2020-07-25,1,8,14,16,28,4,10
2020-07-27,15,20,23,26,33,2,8
2020-07-29,5,7,26,30,31,7,10
2020-08-01,1,22,30,31,32,4,12
2020-08-03,1,12,16,28,33,3,12
2020-08-05,11,15,18,20,27,5,6
2020-08-08,4,10,12,23,27,8,9
2020-08-10,3,9,10,12,21,4,11
2020-08-12,2,9,10,21,35,1,7
2020-08-15,1,8,18,28,30,10,12
2020-08-17,17,23,28,29,32,1,3
2020-08-19,14,18,20,28,34,10,11
2020-08-22,4,16,24,29,35,2,12
2020-08-24,3,6,22,24,25,9,10
2020-08-26,1,13,15,32,35,8,10
2020-08-29,2,11,12,21,34,4,8
2020-08-31,1,2,17,32,34,4,9
2020-09-02,2,10,20,24,31,6,12
2020-09-05,3,4,11,15,28,2,3
2020-09-07,8,11,15,20,28,4,10
2020-09-09,1,4,20,23,29,4,8
2020-09-12,2,7,23,26,35,1,12
2020-09-14,13,16,20,22,27,1,2
2020-09-16,5,6,27,28,29,11,12
2020-09-19,12,16,20,23,31,5,12
2020-09-21,8,11,17,31,35,7,11
2020-09-23,6,14,25,27,28,4,11
2020-09-26,4,6,7,8,16,2,8
2020-09-28,2,18,25,26,32,2,7
2020-09-30,7,8,10,25,28,3,11
2020-10-05,5,25,27,30,34,6,12
2020-10-07,4,9,15,24,35,4,10
2020-10-10,2,3,11,15,27,4,12
2020-10-12,4,5,8,22,33,7,10
2020-10-14,3,4,5,9,34,7,9
2020-10-17,7,11,18,20,29,9,12
2020-10-19,7,12,13,19,23,2,8
2020-10-21,3,12,23,26,30,4,7
2020-10-24,3,8,12,13,22,4,12
2020-10-26,2,3,11,14,27,4,10
2020-10-28,1,4,13,17,28,3,7
2020-10-31,2,3,6,7,33,8,9
2020-11-02,2,20,21,23,32,6,12
2020-11-04,11,16,20,21,28,5,11
2020-11-07,5,7,9,20,28,2,7
2020-11-09,8,11,13,30,32,2,6
2020-11-11,6,14,18,28,33,2,5
2020-11-14,10,12,21,24,30,3,7
2020-11-16,1,9,18,19,23,1,9
2020-11-18,8,10,12,16,22,3,9
2020-11-21,7,19,20,23,24,5,10
2020-11-23,1,9,15,30,33,4,9
2020-11-25,14,22,24,28,32,7,8
2020-11-28,5,25,26,30,35,4,10
2020-11-30,9,17,27,28,35,3,8
2020-12-02,8,19,29,34,35,6,11
2020-12-05,1,7,11,15,21,4,11
2020-12-07,11,15,24,26,35,4,5
2020-12-09,1,2,3,8,22,1,4
2020-12-12,1,4,9,22,28,4,12
2020-12-14,1,4,17,18,26,3,10
2020-12-16,9,12,13,26,33,4,10
2020-12-19,10,22,27,33,34,1,11
2020-12-21,16,17,23,26,32,2,12
2020-12-23,8,25,27,29,35,2,3
2020-12-26,3,15,16,17,21,7,10
2020-12-28,11,24,26,33,35,8,9
2020-12-30,8,11,13,22,25,4,7
2021-01-02,2,6,12,19,33,8,9
2021-01-04,2,16,26,31,34,9,11
2021-01-06,7,21,28,31,35,4,10
2021-01-09,5,10,17,23,28,2,8
2021-01-11,3,7,10,12,35,3,5
2021-01-13,4,22,25,28,35,4,5
2021-01-16,5,23,30,34,35,8,10
2021-01-18,5,19,20,27,33,3,8
2021-01-20,1,3,20,29,32,5,12
2021-01-23,1,5,16,22,34,8,11
2021-01-25,6,9,11,14,21,1,3
2021-01-27,6,12,20,23,33,1,9
2021-01-30,21,27,28,30,34,8,11
2021-02-01,7,13,20,27,29,4,9
2021-02-03,4,8,17,19,25,1,7
2021-02-06,8,9,10,19,34,1,2
2021-02-08,17,21,26,29,32,2,7
2021-02-20,2,20,23,26,34,5,10
2021-02-22,1,12,13,28,29,3,4
2021-02-24,7,21,22,30,33,4,6
2021-02-27,16,18,29,33,35,9,12
2021-03-01,2,12,22,30,33,2,4
2021-03-03,7,9,13,16,32,2,9
2021-03-06,11,14,21,24,31,2,10
2021-03-08,17,18,23,30,31,10,12
2021-03-10,7,11,20,24,27,1,11
2021-03-13,9,21,22,26,30,4,12
2021-03-15,2,3,5,17,29,4,10
2021-03-17,2,6,10,32,33,4,7
